{"Pushpin 0": [[0.5, 0.5, 0.5, 0.5, 0.0, 0.0, 0.20000000298023224, 1.0, null, null, null, 0, 0, 0, 0.3333333432674408, 0.0], [0.5, 0.5, 0.5, 0.5, 0.0, 0.0, 0.20000000298023224, 1.0, null, null, null, 0, 0, 0, 0.3333333432674408, 0.0], [0.9193839430809021, 0.8660709857940674, 0.5, 1.0, 0.19567306160926812, 0.7204939973354343, 0.5737500596046448, 0.5164284896850584, [5.599999999999996, 0, 0], 0, 1.0, [8.399999999999997, 0, 0]], [0.09892870485782623, 0.510467264056206, 0.0, 0.5440385699272159, 0.5, 0.5, 0.5, 0.0, [0.0, 0, 0, 0], null, [1.7900000000000014, 0], 0], [0.0, 0.3115384876728058, 1.0, 0.23076923191547394, 1.0, 1.0, 0.5, 0.5, [0.0, 0, 0, 0], 1.0, 0, 0.07500000298023224, 0], [null, null, null, null, null, null, null, null, null, null, null, null], [null, null, null, null, null, null, null, null, null, null, null, null], [null, null, null, null, null, null, null, null, null, null, null, null], [[0.0, 0.5793147683143616, 0.0, 0.5, 0.0, 0, 0, 0.0], [0.0, 0.0, 0.0, 0.0, 0.6153846383094788, 1.0, 1.0]], [0.4375, 0.0, 0.5, 1.0, 0, 0, 0.0, null, 0.0, 0.0, 0.0, 0.6153846383094788, 1.0, 1.0], [null, null, null, null, null, null, null, null, null, null, null, null], [null, null, null, null, null, null, null, null, null, null, null, null], [null, null, null, null, null, null, null, null, null, null, null, null], [null, null, null, null, null, null, null, null, null, null, null, null], [0.0, 0.0, 0.0, 0.0, 0.0, 0.0, 0.0, 0.0], [null, null, null, null, null, null, null, null]], "Pushpin 1": [[0.5, 0.5, 0.5, 0.5, 0.0, 0.0, 0.10000000149011612, 1.0, null, null, null, 0, 0, 0, 0.0, 0.0], [0.5, 0.5, 0.5, 0.5, 0.0, 0.0, 0.10000000149011612, 1.0, null, null, null, 0, 0, 0, 0.0, 0.0], [0.48461538553237915, 0.0, 0.5, 0.5, 0.48461538553237915, 0.0, 0.5, 0.5, [0.0, 0, 0], 0, 0.0, [0.0, 0, 0]], [0.0, 0.4615384638309479, 1.0, 0.23076923191547394, 0.5, 0.5, 0.5, 0.0, [0.0, 0, 0, 0], null, [0.0, 0], 0], [0.0, 0.4615384638309479, 1.0, 0.23076923191547394, 1.0, 1.0, 0.5, 0.5, [0.0, 0, 0, 0], 0.0, 0, 0.0, 0], [null, null, null, null, null, null, null, null, null, null, null, null], [null, null, null, null, null, null, null, null, null, null, null, null], [null, null, null, null, null, null, null, null, null, null, null, null], [[0.0, 0.4375, 0.0, 0.5, 1.0, 0, 0, 0.0], [0.0, 0.0, 0.0, 0.0, 0.6153846383094788, 1.0, 1.0]], [0.4375, 0.0, 0.0, 0.0, 0, 0, 0.0, null, 0.0, 0.0, 0.0, 0.0, 0.0, 0.0], [null, null, null, null, null, null, null, null, null, null, null, null], [null, null, null, null, null, null, null, null, null, null, null, null], [null, null, null, null, null, null, null, null, null, null, null, null], [null, null, null, null, null, null, null, null, null, null, null, null], [0.0, 0.0, 0.0, 0.0, 0.0, 0.0, 0.0, 0.0], [null, null, null, null, null, null, null, null]], "Pushpin 2": [[0.5, 0.5, 0.5, 0.5, 0.0, 0.0, 0.10000000149011612, 1.0, null, null, null, 0, 0, 0, 0.0, 0.0], [0.5, 0.5, 0.5, 0.5, 0.0, 0.0, 0.10000000149011612, 1.0, null, null, null, 0, 0, 0, 0.0, 0.0], [0.48461538553237915, 0.0, 0.5, 0.5, 0.48461538553237915, 0.0, 0.5, 0.5, [0.0, 0, 0], 0, 0.0, [0.0, 0, 0]], [0.0, 0.4615384638309479, 1.0, 0.23076923191547394, 0.5, 0.5, 0.5, 0.0, [0.0, 0, 0, 0], null, [0.0, 0], 0], [0.0, 0.4615384638309479, 1.0, 0.23076923191547394, 1.0, 1.0, 0.5, 0.5, [0.0, 0, 0, 0], 0.0, 0, 0.0, 0], [null, null, null, null, null, null, null, null, null, null, null, null], [null, null, null, null, null, null, null, null, null, null, null, null], [null, null, null, null, null, null, null, null, null, null, null, null], [[0.0, 0.4375, 0.0, 0.5, 1.0, 0, 0, 0.0], [0.0, 0.0, 0.0, 0.0, 0.6153846383094788, 1.0, 1.0]], [0.0, 0.0, 0.0, 0.0, 0, 0, 0.0, null, 0.0, 0.0, 0.0, 0.0, 0.0, 0.0], [null, null, null, null, null, null, null, null, null, null, null, null], [null, null, null, null, null, null, null, null, null, null, null, null], [null, null, null, null, null, null, null, null, null, null, null, null], [null, null, null, null, null, null, null, null, null, null, null, null], [0.0, 0.0, 0.0, 0.0, 0.0, 0.0, 0.0, 0.0], [null, null, null, null, null, null, null, null]], "Pushpin 3": [[0.0, 0.0, 0.0, 0.0, 0.0, 0.0, 0.0, 0.0, null, null, null, 0, 0, 0, 0.0, 0.0], [0.0, 0.0, 0.0, 0.0, 0.0, 0.0, 0.0, 0.0, null, null, null, 0, 0, 0, 0.0, 0.0], [0.0, 0.0, 0.0, 0.0, 0.0, 0.0, 0.0, 0.0, [0.0, 0, 0], 0, 0.0, [0.0, 0, 0]], [0.0, 0.0, 0.0, 0.0, 0.0, 0.0, 0.0, 0.0, [0.0, 0, 0, 0], null, [0.0, 0], 0], [0.0, 0.0, 0.0, 0.0, 0.0, 0.0, 0.0, 0.0, [0.0, 0, 0, 0], 0.0, 0, 0.0, 0], [null, null, null, null, null, null, null, null, null, null, null, null], [null, null, null, null, null, null, null, null, null, null, null, null], [null, null, null, null, null, null, null, null, null, null, null, null], [[0.0, 0.4375, 0.0, 0.5, 1.0, 0, 0, 0.0], [0.0, 0.0, 0.0, 0.0, 0.6153846383094788, 1.0, 1.0]], [0.0, 0.0, 0.0, 0.0, 0, 0, 0.0, null, 0.0, 0.0, 0.0, 0.0, 0.0, 0.0], [null, null, null, null, null, null, null, null, null, null, null, null], [null, null, null, null, null, null, null, null, null, null, null, null], [null, null, null, null, null, null, null, null, null, null, null, null], [null, null, null, null, null, null, null, null, null, null, null, null], [0.0, 0.0, 0.0, 0.0, 0.0, 0.0, 0.0, 0.0], [null, null, null, null, null, null, null, null]], "Pushpin 4": [[0.0, 0.0, 0.0, 0.0, 0.0, 0.0, 0.0, 0.0, null, null, null, 0, 0, 0, 0.0, 0.0], [0.0, 0.0, 0.0, 0.0, 0.0, 0.0, 0.0, 0.0, null, null, null, 0, 0, 0, 0.0, 0.0], [0.0, 0.0, 0.0, 0.0, 0.0, 0.0, 0.0, 0.0, [0.0, 0, 0], 0, 0.0, [0.0, 0, 0]], [0.0, 0.0, 0.0, 0.0, 0.0, 0.0, 0.0, 0.0, [0.0, 0, 0, 0], null, [0.0, 0], 0], [0.0, 0.0, 0.0, 0.0, 0.0, 0.0, 0.0, 0.0, [0.0, 0, 0, 0], 0.0, 0, 0.0, 0], [null, null, null, null, null, null, null, null, null, null, null, null], [null, null, null, null, null, null, null, null, null, null, null, null], [null, null, null, null, null, null, null, null, null, null, null, null], [[0.0, 0.4375, 0.0, 0.5, 1.0, 0, 0, 0.0], [0.0, 0.0, 0.0, 0.0, 0.6153846383094788, 1.0, 1.0]], [0.0, 0.0, 0.0, 0.0, 0, 0, 0.0, null, 0.0, 0.0, 0.0, 0.0, 0.0, 0.0], [null, null, null, null, null, null, null, null, null, null, null, null], [null, null, null, null, null, null, null, null, null, null, null, null], [null, null, null, null, null, null, null, null, null, null, null, null], [null, null, null, null, null, null, null, null, null, null, null, null], [0.0, 0.0, 0.0, 0.0, 0.0, 0.0, 0.0, 0.0], [null, null, null, null, null, null, null, null]], "Pushpin 5": [[0.0, 0.0, 0.0, 0.0, 0.0, 0.0, 0.0, 0.0, null, null, null, 0, 0, 0, 0.0, 0.0], [0.0, 0.0, 0.0, 0.0, 0.0, 0.0, 0.0, 0.0, null, null, null, 0, 0, 0, 0.0, 0.0], [0.0, 0.0, 0.0, 0.0, 0.0, 0.0, 0.0, 0.0, [0.0, 0, 0], 0, 0.0, [0.0, 0, 0]], [0.0, 0.0, 0.0, 0.0, 0.0, 0.0, 0.0, 0.0, [0.0, 0, 0, 0], null, [0.0, 0], 0], [0.0, 0.0, 0.0, 0.0, 0.0, 0.0, 0.0, 0.0, [0.0, 0, 0, 0], 0.0, 0, 0.0, 0], [null, null, null, null, null, null, null, null, null, null, null, null], [null, null, null, null, null, null, null, null, null, null, null, null], [null, null, null, null, null, null, null, null, null, null, null, null], [[0.0, 0.4375, 0.0, 0.5, 1.0, 0, 0, 0.0], [0.0, 0.0, 0.0, 0.0, 0.6153846383094788, 1.0, 1.0]], [0.0, 0.0, 0.0, 0.0, 0, 0, 0.0, null, 0.0, 0.0, 0.0, 0.0, 0.0, 0.0], [null, null, null, null, null, null, null, null, null, null, null, null], [null, null, null, null, null, null, null, null, null, null, null, null], [null, null, null, null, null, null, null, null, null, null, null, null], [null, null, null, null, null, null, null, null, null, null, null, null], [0.0, 0.0, 0.0, 0.0, 0.0, 0.0, 0.0, 0.0], [null, null, null, null, null, null, null, null]],