{"Pushpin 0": [[0.5, 0, 0.5, 0, 0.0, 1.0, 0.20000000298023224, 1.0, null, null, null, 0, 0, 0, 0.0, 3.0], [0.5214285254478455, 1.0, 0.3392859995365143, 0.29910698533058167, 0.6321430206298828, 0.0, 0.39642900228500366, 6.0, null, null, null, 0, 0, 0, 0.0, 3.0], [0.4664422869682312, 0.0, 0.5, 0.5, 0.48461538553237915, 0.0, 0.5, 0.5, [5.1999999999999975, 0, 0], 0, 1.0, [0.0, 0, 0]], [0.0, 0.5847524404525757, 0.1875, 0.3276098072528839, 0.5419639945030212, 0.5, 0.5, 0.0, [0.0, 0, 0, 0], null, [1.7499999999999996, 0], 0], [0.0, 0.6153846383094788, 1.0, 0.46112632751464844, 0.6732140183448792, 1.0, 0.5, 0.5, [0.0, 0, 0, 0], 1.0, 0, 0.0, 0], [null, null, null, null, null, null, null, null, null, null, null, null], [0.0, 0.5384615659713745, 0.5384615659713745, 0.7098209857940674, 0.0, 0.3530358076095581, 0.8329944610595703, 0.0, 0.3637835681438446, 0.16875000298023224, null, null, null, null, 0.0], [null, null, null, null, null, null, null, null, null, null, null, null]], "Pushpin 1": [[0.37625011801719666, 0.5, 0.5, 0.5, 0.0, 0.9100000262260437, 0.20000000298023224, 1.0, null, null, null, 0, 0, 0, 0.3333333432674408, 0.0], [0.5, 0.8100000000000003, 0.48999999999999955, 0.5300000095367432, 0.18999999999999928, 0.0, 0.0, 0.0, null, null, null, 0, 0, 0, 0.3333333432674408, 0.0], [0.3600000000000001, 0.6399999999999997, 0.5799999833106995, 0.5, 0.48461538553237915, 0.0, 0.5, 0.5, [3.700000000000002, 0, 0], 0, 1.0, [0.0, 0, 0]], [0.0, 0.11999999731779099, 1.0, 0.021538477391004562, 0.5, 0.5, 0.5, 0.0, [0.0, 0, 0, 0], null, [0.0, 0], 0], [0.0, 0.4446702301502228, 1.0, 0.23076923191547394, 0.0, 1.0, 0.5, 0.5, [0.0, 0, 0, 0], 1.0, 0, 0.2199999839067459, 0], [null, null, null, null, null, null, null, null, null, null, null, null], [null, null, null, null, null, null, null, null, null, null, null, null], [null, null, null, null, null, null, null, null, null, null, null, null]], "Pushpin 2": [[0.5, 0.0, 0.5, 0.0, 0.0, 0.5, 0.10000000149011612, 1.0, null, null, null, 0, 0, 0, 0.3333333432674408, 0.0], [0.5, 0.0, 0.5, 0.0, 0.0, 0.5, 0.10000000149011612, 1.0, null, null, null, 0, 0, 0, 0.3333333432674408, 0.0], [0.8199999999999998, 0.0, 0.5, 0.5, 0.48461538553237915, 0.0, 0.5, 0.5, [0.0, 0, 0], 0, 1.0, [0.0, 0, 0]], [0.0, 0.4615384638309479, 1.0, 0.23076923191547394, 0.5, 0.5, 0.5, 0.0, [0.0, 0, 0, 0], null, [0.0, 0], 0], [0.0, 0.4615384638309479, 1.0, 0.23076923191547394, 1.0, 1.0, 0.5, 0.5, [0.0, 0, 0, 0], 1.0, 0, 0.0, 0], [null, null, null, null, null, null, null, null, null, null, null, null], [null, null, null, null, null, null, null, null, null, null, null, null], [null, null, null, null, null, null, null, null, null, null, null, null]], "Pushpin 3": [[0.5, 0.6499999761581421, 0.75, 0.5, 0.0, 0.9900000095367432, 0.10000000149011612, 1.0, null, null, null, 0, 0, 0, 0.3333333432674408, 0.0], [0.5, 0.5, 0.5, 0.5, 0.0, 0.0, 0.10000000149011612, 1.0, null, null, null, 0, 0, 0, 0.3333333432674408, 0.0], [0.48461538553237915, 0.0, 0.5, 0.5, 0.48461538553237915, 0.0, 0.5, 0.5, [0.0, 0, 0], 0, 1.0, [0.0, 0, 0]], [0.0, 0.4615384638309479, 1.0, 0.23076923191547394, 0.5, 0.5, 0.5, 0.0, [0.0, 0, 0, 0], null, [0.0, 0], 0], [0.0, 0.4615384638309479, 1.0, 0.23076923191547394, 1.0, 1.0, 0.5, 0.5, [0.0, 0, 0, 0], 1.0, 0, 0.0, 0], [null, null, null, null, null, null, null, null, null, null, null, null], [null, null, null, null, null, null, null, null, null, null, null, null], [null, null, null, null, null, null, null, null, null, null, null, null]], "Pushpin 4": [[0.5, 0.5, 0.5, 0.5, 0.0, 0.0, 0.10000000149011612, 1.0, null, null, null, 0, 0, 0, 0.3333333432674408, 0.0], [0.5, 0.5, 0.5, 0.5, 0.0, 0.0, 0.10000000149011612, 1.0, null, null, null, 0, 0, 0, 0.3333333432674408, 0.0], [0.48461538553237915, 0.0, 0.5, 0.5, 0.48461538553237915, 0.0, 0.5, 0.5, [0.0, 0, 0], 0, 1.0, [0.0, 0, 0]], [0.0, 0.4615384638309479, 1.0, 0.23076923191547394, 0.5, 0.5, 0.5, 0.0, [0.0, 0, 0, 0], null, [0.0, 0], 0], [0.0, 0.4615384638309479, 1.0, 0.23076923191547394, 1.0, 1.0, 0.5, 0.5, [0.0, 0, 0, 0], 1.0, 0, 0.0, 0], [null, null, null, null, null, null, null, null, null, null, null, null], [null, null, null, null, null, null, null, null, null, null, null, null], [null, null, null, null, null, null, null, null, null, null, null, null]], "Pushpin 5": [[0.5, 0.5, 0.5, 0.5, 0.0, 0.0, 0.10000000149011612, 1.0, null, null, null, 0, 0, 0, 0.3333333432674408, 0.0], [0.5, 0.5, 0.5, 0.5, 0.0, 0.0, 0.10000000149011612, 1.0, null, null, null, 0, 0, 0, 0.3333333432674408, 0.0], [0.48461538553237915, 0.0, 0.5, 0.5, 0.48461538553237915, 0.0, 0.5, 0.5, [0.0, 0, 0], 0, 1.0, [0.0, 0, 0]], [0.0, 0.4615384638309479, 1.0, 0.23076923191547394, 0.5, 0.5, 0.5, 0.0, [0.0, 0, 0, 0], null, [0.0, 0], 0], [0.0, 0.4615384638309479, 1.0, 0.23076923191547394, 1.0, 1.0, 0.5, 0.5, [0.0, 0, 0, 0], 1.0, 0, 0.0, 0], [null, null, null, null, null, null, null, null, null, null, null, null], [null, null, null, null, null, null, null, null, null, null, null, null], [null, null, null, null, null, null, null, null, null, null, null, null]], "Pushpin 6": [[0.5, 0.5, 0.5, 0.5, 0.0, 0.0, 0.10000000149011612, 1.0, null, null, null, 0, 0, 0, 0.3333333432674408, 0.0], [0.5, 0.5, 0.5, 0.5, 0.0, 0.0, 0.10000000149011612, 1.0, null, null, null, 0, 0, 0, 0.3333333432674408, 0.0], [0.48461538553237915, 0.0, 0.5, 0.5, 0.48461538553237915, 0.0, 0.5, 0.5, [0.0, 0, 0], 0, 1.0, [0.0, 0, 0]], [0.0, 0.4615384638309479, 1.0, 0.23076923191547394, 0.5, 0.5, 0.5, 0.0, [0.0, 0, 0, 0], null, [0.0, 0], 0], [0.0, 0.4615384638309479, 1.0, 0.23076923191547394, 1.0, 1.0, 0.5, 0.5, [0.0, 0, 0, 0], 1.0, 0, 0.0, 0], [null, null, null, null, null, null, null, null, null, null, null, null], [null, null, null, null, null, null, null, null, null, null, null, null], [null, null, null, null, null, null, null, null, null, null, null, null]], "Pushpin 7": [[0.5, 0.5, 0.5, 0.5, 0.0, 0.0, 0.10000000149011612, 1.0, null, null, null, 0, 0, 0, 0.3333333432674408, 0.0], [0.5, 0.5, 0.5, 0.5, 0.0, 0.0, 0.10000000149011612, 1.0, null, null, null, 0, 0, 0, 0.3333333432674408, 0.0], [0.48461538553237915, 0.0, 0.5, 0.5, 0.48461538553237915, 0.0, 0.5, 0.5, [0.0, 0, 0], 0, 1.0, [0.0, 0, 0]], [0.0, 0.4615384638309479, 1.0, 0.23076923191547394, 0.5, 0.5, 0.5, 0.0, [0.0, 0, 0, 0], null, [0.0, 0], 0], [0.0, 0.4615384638309479, 1.0, 0.23076923191547394, 1.0, 1.0, 0.5, 0.5, [0.0, 0, 0, 0], 1.0, 0, 0.0, 0], [null, null, null, null, null, null, null, null, null, null, null, null], [null, null, null, null, null, null, null, null, null, null, null, null], [null, null, null, null, null, null, null, null, null, null, null, null]]}