{"Pushpin 0": [[0.5, 0.5, 0.5, 0.5, 0.0, 0.0, 0.20000000298023224, 6.0, null, null, null, 0, 0, 0, 0.3333333432674408, 0.0], [0.5, 0.5, 0.5, 0.5, 0.0, 0.0, 0.20000000298023224, 1.0, null, null, null, 0, 0, 0, 0.3333333432674408, 0.0], [0.9193839430809021, 0.8660709857940674, 0.5, 1.0, 0.44567304849624634, 0.06049399822950363, 0.5937500596046448, 0.7464284896850586, [5.1999999999999975, 0, 0], 0, 1.0, [0.0, 0, 0]], [0.5089287161827087, 0.6704672574996948, 0.30000001192092896, 0.574038565158844, 0.5, 0.5, 0.5, 0.0, [0.0, 0, 0, 0], null, [1.7499999999999996, 0], 0], [0.08571430295705795, 0.6153846383094788, 1.0, 0.4718407988548279, 1.0, 1.0, 0.32321420311927795, 0.8428573608398438, [0.0, 0, 0, 0], 1.0, 0, 0.07500000298023224, 0], [0.0, 0.0, 0.459821492433548, 0.8151785135269165, 0.1848214864730835, 0.0, 0.5, 0.4000000059604645, 0, 0.35297417640686035, 0.817857027053833, 0.7473210096359253], [0.42767849564552307, 0.35315942764282227, 0.4053572118282318, 0.5, 0.5076923370361328, 0.4000000059604645, null, 1.0, 0.3637835681438446, 0.16875000298023224, 0.6535717844963074, null, null, null, null, 0.0], [null, null, null, null, null, null, null, null, null, null, null, null]], "Pushpin 1": [[0.37625011801719666, 0.5, 0.5, 0.5, 0.0, 0.0, 0.20000000298023224, 1.0, null, null, null, 0, 0, 0, 0.6666666865348816, 0.0], [0.5, 0.5, 0.5, 0.5, 0.0, 0.0, 0.20000000298023224, 1.0, null, null, null, 0, 0, 0, 0.6666666865348816, 0.0], [0.14624950289726257, 0.0, 0.5, 0.5, 0.2099999999999993, 0.0, 0.8799999999999999, 0.5, [3.700000000000002, 0, 0], 0, 1.0, [0.0, 0, 0]], [0.0, 0.3199999999999994, 0.0, 1.0, 0.6151785254478455, 0.4632145309448241, 0.3696430027484894, 0.455357164144516, [0.0, 0, 0, 0], null, [2.6, 0], 0], [0.0, 0.454670250415802, 1.0, 0.22999999999999932, 0.8607140183448792, 1.0, 0.6553572416305542, 0.5535714626312256, [0.0, 0, 0, 0], 1.0, 0, 0.0, 0], [null, null, null, null, null, null, null, null, null, null, null, null], [null, null, null, null, null, null, null, null, null, null, null, null], [null, null, null, null, null, null, null, null, null, null, null, null]], "Pushpin 2": [[0.52, 0.0, 0.9000000000000006, 0.9700000000000006, 1.0, 0.9700000000000004, 0.0, 0.0, null, null, null, 0, 0, 0, 0.3333333432674408, 0.0], [0.5, 0.5, 0.5, 0.5, 0.0, 0.0, 0.10000000149011612, 1.0, null, null, null, 0, 0, 0, 0.3333333432674408, 0.0], [0.48461538553237915, 0.0, 0.5, 0.5, 0.48461538553237915, 0.0, 0.5, 0.5, [0.0, 0, 0], 0, 1.0, [0.0, 0, 0]], [0.0, 0.4615384638309479, 1.0, 0.23076923191547394, 0.5, 0.5, 0.5, 0.0, [0.0, 0, 0, 0], null, [0.0, 0], 0], [0.0, 0.22999999999999932, 0.0, 0.23076923191547394, 1.0, 1.0, 0.5, 0.5, [0.0, 0, 0, 0], 1.0, 0, 0.0, 0], [null, null, null, null, null, null, null, null, null, null, null, null], [null, null, null, null, null, null, null, null, null, null, null, null], [null, null, null, null, null, null, null, null, null, null, null, null]], "Pushpin 3": [[0.5, 0.5, 0.5, 0.5, 0.0, 0.0, 0.10000000149011612, 1.0, null, null, null, 0, 0, 0, 0.3333333432674408, 0.0], [0.5, 0.5, 0.5, 0.5, 0.9100000000000005, 0.5900000000000004, 0.10000000149011612, 1.0, null, null, null, 0, 0, 0, 0.3333333432674408, 0.0], [0.2999999999999994, 0.5800000000000003, 0.7900000000000003, 0.5, 0.8846153855323795, 0.5000000000000002, 0.5, 0.5, [2.800000000000001, 0, 0], 0, 1.0, [0.0, 0, 0]], [0.0, 0.551538463830948, 0.0, 0.5007692319154742, 0.5, 0.5800000000000001, 0.5, 0.0, [0.0, 0, 0, 0], null, [1.8100000000000005, 0], 0], [0.0, 0.651538463830948, 1.0, 0.23076923191547394, 1.0, 1.0, 0.5, 0.5, [0.0, 0, 0, 0], 1.0, 0, 0.0, 0], [null, null, null, null, null, null, null, null, null, null, null, null], [null, null, null, null, null, null, null, null, null, null, null, null], [null, null, null, null, null, null, null, null, null, null, null, null]], "Pushpin 4": [[0.5, 0.5, 0.5, 0.5, 0.3600000000000001, 0.2999999999999994, 0.10000000149011612, 1.0, null, null, null, 0, 0, 0, 0.3333333432674408, 0.0], [0.5, 0.5, 0.5, 0.5, 0.0, 0.0, 0.10000000149011612, 1.0, null, null, null, 0, 0, 0, 0.3333333432674408, 0.0], [0.48461538553237915, 0.0, 0.5, 0.5, 0.48461538553237915, 0.0, 0.5, 0.5, [0.0, 0, 0], 0, 1.0, [0.0, 0, 0]], [0.0, 0.4615384638309479, 1.0, 0.23076923191547394, 0.5, 0.5, 0.5, 0.0, [0.0, 0, 0, 0], null, [0.0, 0], 0], [0.0, 0.4615384638309479, 1.0, 0.23076923191547394, 1.0, 1.0, 0.5, 0.5, [0.0, 0, 0, 0], 1.0, 0, 0.0, 0], [null, null, null, null, null, null, null, null, null, null, null, null], [null, null, null, null, null, null, null, null, null, null, null, null], [null, null, null, null, null, null, null, null, null, null, null, null]], "Pushpin 5": [[0.5, 0.5, 0.5, 0.5, 0.0, 0.0, 0.10000000149011612, 1.0, null, null, null, 0, 0, 0, 0.3333333432674408, 0.0], [0.5, 0.5, 0.5, 0.5, 0.0, 0.0, 0.10000000149011612, 1.0, null, null, null, 0, 0, 0, 0.3333333432674408, 0.0], [0.48461538553237915, 0.0, 0.5, 0.5, 0.48461538553237915, 0.0, 0.5, 0.5, [0.0, 0, 0], 0, 1.0, [0.0, 0, 0]], [0.0, 0.4615384638309479, 1.0, 0.23076923191547394, 0.5, 0.5, 0.5, 0.0, [0.0, 0, 0, 0], null, [0.0, 0], 0], [0.0, 0.4615384638309479, 1.0, 0.23076923191547394, 1.0, 1.0, 0.5, 0.5, [0.0, 0, 0, 0], 1.0, 0, 0.0, 0], [null, null, null, null, null, null, null, null, null, null, null, null], [null, null, null, null, null, null, null, null, null, null, null, null], [null, null, null, null, null, null, null, null, null, null, null, null]], "Pushpin 6": [[0.5, 0.5, 0.5, 0.5, 0.03, 0.0, 0.10000000149011612, 1.0, null, null, null, 0, 0, 0, 0.3333333432674408, 0.0], [0.5, 0.5, 0.5, 0.5, 0.0, 0.0, 0.10000000149011612, 1.0, null, null, null, 0, 0, 0, 0.3333333432674408, 0.0], [0.48461538553237915, 0.0, 0.5, 0.5, 0.48461538553237915, 0.0, 0.5, 0.5, [0.0, 0, 0], 0, 1.0, [0.0, 0, 0]], [0.0, 0.4615384638309479, 1.0, 0.23076923191547394, 0.5, 0.5, 0.5, 0.0, [0.0, 0, 0, 0], null, [0.0, 0], 0], [0.0, 0.4615384638309479, 1.0, 0.23076923191547394, 1.0, 1.0, 0.5, 0.5, [0.0, 0, 0, 0], 1.0, 0, 0.0, 0], [null, null, null, null, null, null, null, null, null, null, null, null], [null, null, null, null, null, null, null, null, null, null, null, null], [null, null, null, null, null, null, null, null, null, null, null, null]], "Pushpin 7": [[0.5, 0.5, 0.5, 0.5, 0.0, 0.0, 0.10000000149011612, 1.0, null, null, null, 0, 0, 0, 0.3333333432674408, 0.0], [0.5, 0.5, 0.5, 0.5, 0.0, 0.0, 0.10000000149011612, 1.0, null, null, null, 0, 0, 0, 0.3333333432674408, 0.0], [0.48461538553237915, 0.0, 0.5, 0.5, 0.48461538553237915, 0.0, 0.5, 0.5, [0.0, 0, 0], 0, 1.0, [0.0, 0, 0]], [0.0, 0.4615384638309479, 1.0, 0.23076923191547394, 0.5, 0.5, 0.5, 0.0, [0.0, 0, 0, 0], null, [0.0, 0], 0], [0.0, 0.4615384638309479, 1.0, 0.23076923191547394, 1.0, 1.0, 0.5, 0.5, [0.0, 0, 0, 0], 1.0, 0, 0.0, 0], [null, null, null, null, null, null, null, null, null, null, null, null], [null, null, null, null, null, null, null, null, null, null, null, null], [null, null, null, null, null, null, null, null, null, null, null, null]]}