{"Pushpin 0": [[0.5, null, 0.5, null, 0.5, null, 0.5, null, 0.0, null, 0.0, null, 0.10000000149011612, null, 10.0, null, 0.0, null, 0.0, null, 0.0, null, 0.36000000000000004, null, 0, null, 0, null, 0.3333333432674408, null, 0.0, null], [0.5, null, 0.5, null, 0.5, null, 0.5, null, 0.0, null, 0.0, null, 0.10000000149011612, null, 1.0, null, 0.0, null, 0.0, null, 0.0, null, 0, null, 0, null, 0, null, 0.3333333432674408, null, 0.0, null], [0.48461538553237915, null, 0.0, null, 0.8500000000000003, null, 0.5, null, 0.48461538553237915, null, 0.0, null, 0.5, null, 0.5, null, 3.5000000000000018, null, 0, null, 1.0, null, 0.0, null], [0.0, null, 0.4615384638309479, null, 0.0, null, 0.11076923191547386, null, 0.5, null, 0.5, null, 0.5, null, 0.0, null, 0.0, null, null, 0.0, null, 0, null], [0.0, null, 0.4615384638309479, null, 1.0, null, 0.23076923191547394, null, 1.0, null, 1.0, null, 0.5, null, 0.5, null, 0.0, null, 1.0, null, 0, null, 0.0, null, 0, null], [0.0, null, null, null, null, null, null, null, null, null, null, null, null], [null, null, null, null, null, null, null, null, null, null, null, null], [null, null, null, null, null, null, null, null, null, null, null, null], [0.0, null, 0.0, null], [0.0, null, 0.0, null, 0.0, null, 0.0, null, 0, null, 0, null, 0.0, null, null, 0.0, null, 0.0, null, 0.0, null, 0.0, null, 0.0, null, 0.0, null], [0.0, null, null, null, null, null, null, null, null, null, null, null, null], [0.0, null, null, null, null, null, null, null, null, null, null, null, null], [0.0, null, null, null, null, null, null, null, null, null, null, null, null], [0.0, null, null, null, null, null, null, null, null, null, null, null, null], [0.0, null, 0.0, null, 0.0, null, 0.0, null, 0.0, null, 0.0, null, 0.0, null, 0.0, null], [null, null, null, null, null, null, null, null]], "Pushpin 1": [[0.5, null, 0.5, null, 0.5, null, 0.5, null, 0.0, null, 0.0, null, 0.10000000149011612, null, 1.0, null, 0.0, null, 0.0, null, 0.0, null, 0, null, 0, null, 0, null, 0.3333333432674408, null, 0.0, null], [0.5, null, 0.5, null, 0.5, null, 0.5, null, 0.0, null, 0.0, null, 0.10000000149011612, null, 1.0, null, 0.0, null, 0.0, null, 0.0, null, 0, null, 0, null, 0, null, 0.3333333432674408, null, 0.0, null], [0.48461538553237915, null, 0.0, null, 0.5, null, 0.5, null, 0.48461538553237915, null, 0.0, null, 0.5, null, 0.5, null, 0.0, null, 0, null, 1.0, null, 0.0, null], [0.0, null, 0.4615384638309479, null, 1.0, null, 0.23076923191547394, null, 0.5, null, 0.5, null, 0.5, null, 0.0, null, 0.0, null, null, 0.0, null, 0, null], [0.0, null, 0.4615384638309479, null, 1.0, null, 0.23076923191547394, null, 1.0, null, 1.0, null, 0.5, null, 0.5, null, 0.0, null, 1.0, null, 0, null, 0.0, null, 0, null], [0.0, null, null, null, null, null, null, null, null, null, null, null, null], [null, null, null, null, null, null, null, null, null, null, null, null], [null, null, null, null, null, null, null, null, null, null, null, null], [0.0, null, 0.0, null], [0.0, null, 0.0, null, 0.0, null, 0.0, null, 0, null, 0, null, 0.0, null, null, 0.0, null, 0.0, null, 0.0, null, 0.0, null, 0.0, null, 0.0, null], [0.0, null, null, null, null, null, null, null, null, null, null, null, null], [0.0, null, null, null, null, null, null, null, null, null, null, null, null], [0.0, null, null, null, null, null, null, null, null, null, null, null, null], [0.0, null, null, null, null, null, null, null, null, null, null, null, null], [0.0, null, 0.0, null, 0.0, null, 0.0, null, 0.0, null, 0.0, null, 0.0, null, 0.0, null], [null, null, null, null, null, null, null, null]], "Pushpin 2": [[0.5, null, 0.5, null, 0.5, null, 0.5, null, 0.0, null, 0.0, null, 0.10000000149011612, null, 1.0, null, 0.0, null, 0.0, null, 0.0, null, 0, null, 0, null, 0, null, 0.3333333432674408, null, 0.0, null], [0.5, null, 0.5, null, 0.5, null, 0.5, null, 0.0, null, 0.0, null, 0.10000000149011612, null, 1.0, null, 0.0, null, 0.0, null, 0.0, null, 0, null, 0, null, 0, null, 0.3333333432674408, null, 0.0, null], [0.48461538553237915, null, 0.0, null, 0.5, null, 0.5, null, 0.48461538553237915, null, 0.0, null, 0.5, null, 0.5, null, 0.0, null, 0, null, 1.0, null, 0.0, null], [0.0, null, 0.4615384638309479, null, 1.0, null, 0.23076923191547394, null, 0.5, null, 0.5, null, 0.5, null, 0.0, null, 0.0, null, null, 0.0, null, 0, null], [0.0, null, 0.4615384638309479, null, 1.0, null, 0.23076923191547394, null, 1.0, null, 1.0, null, 0.5, null, 0.5, null, 0.0, null, 1.0, null, 0, null, 0.0, null, 0, null], [0.0, null, null, null, null, null, null, null, null, null, null, null, null], [null, null, null, null, null, null, null, null, null, null, null, null], [null, null, null, null, null, null, null, null, null, null, null, null], [0.0, null, 0.0, null], [0.0, null, 0.0, null, 0.0, null, 0.0, null, 0, null, 0, null, 0.0, null, null, 0.0, null, 0.0, null, 0.0, null, 0.0, null, 0.0, null, 0.0, null], [0.0, null, null, null, null, null, null, null, null, null, null, null, null], [0.0, null, null, null, null, null, null, null, null, null, null, null, null], [0.0, null, null, null, null, null, null, null, null, null, null, null, null], [0.0, null, null, null, null, null, null, null, null, null, null, null, null], [0.0, null, 0.0, null, 0.0, null, 0.0, null, 0.0, null, 0.0, null, 0.0, null, 0.0, null], [null, null, null, null, null, null, null, null]], "Pushpin 3": [[0.5, null, 0.5, null, 0.5, null, 0.5, null, 0.0, null, 0.0, null, 0.10000000149011612, null, 1.0, null, 0.0, null, 0.0, null, 0.0, null, 0, null, 0, null, 0, null, 0.3333333432674408, null, 0.0, null], [0.5, null, 0.5, null, 0.5, null, 0.5, null, 0.0, null, 0.0, null, 0.10000000149011612, null, 1.0, null, 0.0, null, 0.0, null, 0.0, null, 0, null, 0, null, 0, null, 0.3333333432674408, null, 0.0, null], [0.48461538553237915, null, 0.0, null, 0.5, null, 0.5, null, 0.48461538553237915, null, 0.0, null, 0.5, null, 0.5, null, 0.0, null, 0, null, 1.0, null, 0.0, null], [0.0, null, 0.4615384638309479, null, 1.0, null, 0.23076923191547394, null, 0.5, null, 0.5, null, 0.5, null, 0.0, null, 0.0, null, null, 0.0, null, 0, null], [0.0, null, 0.4615384638309479, null, 1.0, null, 0.23076923191547394, null, 1.0, null, 1.0, null, 0.5, null, 0.5, null, 0.0, null, 1.0, null, 0, null, 0.0, null, 0, null], [0.0, null, null, null, null, null, null, null, null, null, null, null, null], [null, null, null, null, null, null, null, null, null, null, null, null], [null, null, null, null, null, null, null, null, null, null, null, null], [0.0, null, 0.0, null], [0.0, null, 0.0, null, 0.0, null, 0.0, null, 0, null, 0, null, 0.0, null, null, 0.0, null, 0.0, null, 0.0, null, 0.0, null, 0.0, null, 0.0, null], [0.0, null, null, null, null, null, null, null, null, null, null, null, null], [0.0, null, null, null, null, null, null, null, null, null, null, null, null], [0.0, null, null, null, null, null, null, null, null, null, null, null, null], [0.0, null, null, null, null, null, null, null, null, null, null, null, null], [0.0, null, 0.0, null, 0.0, null, 0.0, null, 0.0, null, 0.0, null, 0.0, null, 0.0, null], [null, null, null, null, null, null, null, null]],