{"Pushpin 0": [[0.5, 0.5, 0.5, 0.5, 0.0, 0.08035717159509659, 0.32857099175453186, 3.0, null, null, null, 0, 0, 0, 0.0, 0.0], [0.5, 0.5, 0.5, 0.5, 0.0, 0.08303572982549667, 0.20000000298023224, 3.0, null, null, null, 0, 0, 0, 0.0, 0.0], [0.13999999999999924, 0.3900000000000001, 0.5226785731315613, 0.48999999999999955, 0.2999999999999994, 0.3199999999999994, 0.5, 0.5, [5.599999999999996, 0, 2.879999999999999], 2.350000000000012, 0.0, [8.399999999999997, 0, 0]], [0.05, 0.4700000000000002, 0.0, 0.0, 0.4900000000000002, 0.7999999999999998, 0.5, 0.0, [0.0, 0, 0, 0], null, [1.7900000000000014, 4.36], 0], [0.0, 0.6153846383094788, 1.0, 0.23197800874710084, 1.0, 1.0, 0.5, 0.5910720229148865, [0.0, 0, 0, 0], 0.0, 0, 0.0, 0], [null, null, null, null, null, null, null, null, null, null, null, null], [null, null, null, null, null, null, null, null, null, null, null, null], [null, null, null, null, null, null, null, null, null, null, null, null], [[0.0, 0.5859094262123108, 0.0, 0.5, 0.0, 0, 0, 0.0], [0.0, 0.0, 0.0, 0.0, 1.0, 1.0, 1.0]], [0.0, 0.0, 0.0, 0.0, 0, 0, 0.0, null, 0.0, 0.0, 0.0, 0.0, 0.0, 0.0], [null, null, null, null, null, null, null, null, null, null, null, null], [null, null, null, null, null, null, null, null, null, null, null, null], [null, null, null, null, null, null, null, null, null, null, null, null], [null, null, null, null, null, null, null, null, null, null, null, null], [0.0, 0.0, 0.0, 0.0, 0.0, 0.0, 0.0, 0.0], [null, null, null, null, null, null, null, null]], "Pushpin 1": [[0.5, 0.5, 0.5, 0.5, 0.0, 0.0, 0.10000000149011612, 1.0, null, null, null, 0, 0, 0, 0.0, 0.0], [0.5, 0.5, 0.5, 0.5, 0.0, 0.0, 0.10000000149011612, 1.0, null, null, null, 0, 0, 0, 0.0, 0.0], [0.48461538553237915, 0.0, 0.5, 0.5, 0.48461538553237915, 0.0, 0.5, 0.5, [0.0, 0, 0], 0, 0.0, [0.0, 0, 0]], [0.0, 0.4615384638309479, 1.0, 0.23076923191547394, 0.5, 0.5, 0.5, 0.0, [0.0, 0, 0, 0], null, [0.0, 0], 0], [0.0, 0.4615384638309479, 1.0, 0.23076923191547394, 1.0, 1.0, 0.5, 0.5, [0.0, 0, 0, 0], 0.0, 0, 0.0, 0], [null, null, null, null, null, null, null, null, null, null, null, null], [null, null, null, null, null, null, null, null, null, null, null, null], [null, null, null, null, null, null, null, null, null, null, null, null], [[0.0, 0.4375, 0.0, 0.5, 1.0, 0, 0, 0.0], [0.0, 0.0, 0.0, 0.0, 0.6153846383094788, 1.0, 1.0]], [0.4375, 0.0, 0.0, 0.0, 0, 0, 0.0, null, 0.0, 0.0, 0.0, 0.0, 0.0, 0.0], [null, null, null, null, null, null, null, null, null, null, null, null], [null, null, null, null, null, null, null, null, null, null, null, null], [null, null, null, null, null, null, null, null, null, null, null, null], [null, null, null, null, null, null, null, null, null, null, null, null], [0.0, 0.0, 0.0, 0.0, 0.0, 0.0, 0.0, 0.0], [null, null, null, null, null, null, null, null]], "Pushpin 2": [[0.5, 0.5, 0.5, 0.5, 0.0, 0.0, 0.10000000149011612, 1.0, null, null, null, 0, 0, 0, 0.0, 0.0], [0.5, 0.5, 0.5, 0.5, 0.0, 0.0, 0.10000000149011612, 1.0, null, null, null, 0, 0, 0, 0.0, 0.0], [0.48461538553237915, 0.0, 0.5, 0.5, 0.48461538553237915, 0.0, 0.5, 0.5, [0.0, 0, 0], 0, 0.0, [0.0, 0, 0]], [0.0, 0.4615384638309479, 1.0, 0.23076923191547394, 0.5, 0.5, 0.5, 0.0, [0.0, 0, 0, 0], null, [0.0, 0], 0], [0.0, 0.4615384638309479, 1.0, 0.23076923191547394, 1.0, 1.0, 0.5, 0.5, [0.0, 0, 0, 0], 0.0, 0, 0.0, 0], [null, null, null, null, null, null, null, null, null, null, null, null], [null, null, null, null, null, null, null, null, null, null, null, null], [null, null, null, null, null, null, null, null, null, null, null, null], [[0.0, 0.4375, 0.0, 0.5, 1.0, 0, 0, 0.0], [0.0, 0.0, 0.0, 0.0, 0.6153846383094788, 1.0, 1.0]], [0.0, 0.0, 0.0, 0.0, 0, 0, 0.0, null, 0.0, 0.0, 0.0, 0.0, 0.0, 0.0], [null, null, null, null, null, null, null, null, null, null, null, null], [null, null, null, null, null, null, null, null, null, null, null, null], [null, null, null, null, null, null, null, null, null, null, null, null], [null, null, null, null, null, null, null, null, null, null, null, null], [0.0, 0.0, 0.0, 0.0, 0.0, 0.0, 0.0, 0.0], [null, null, null, null, null, null, null, null]], "Pushpin 3": [[0.0, 0.0, 0.0, 0.0, 0.0, 0.0, 0.0, 0.0, null, null, null, 0, 0, 0, 0.0, 0.0], [0.0, 0.0, 0.0, 0.0, 0.0, 0.0, 0.0, 0.0, null, null, null, 0, 0, 0, 0.0, 0.0], [0.0, 0.0, 0.0, 0.0, 0.0, 0.0, 0.0, 0.0, [0.0, 0, 0], 0, 0.0, [0.0, 0, 0]], [0.0, 0.0, 0.0, 0.0, 0.0, 0.0, 0.0, 0.0, [0.0, 0, 0, 0], null, [0.0, 0], 0], [0.0, 0.0, 0.0, 0.0, 0.0, 0.0, 0.0, 0.0, [0.0, 0, 0, 0], 0.0, 0, 0.0, 0], [null, null, null, null, null, null, null, null, null, null, null, null], [null, null, null, null, null, null, null, null, null, null, null, null], [null, null, null, null, null, null, null, null, null, null, null, null], [[0.0, 0.4375, 0.0, 0.5, 1.0, 0, 0, 0.0], [0.0, 0.0, 0.0, 0.0, 0.6153846383094788, 1.0, 1.0]], [0.0, 0.0, 0.0, 0.0, 0, 0, 0.0, null, 0.0, 0.0, 0.0, 0.0, 0.0, 0.0], [null, null, null, null, null, null, null, null, null, null, null, null], [null, null, null, null, null, null, null, null, null, null, null, null], [null, null, null, null, null, null, null, null, null, null, null, null], [null, null, null, null, null, null, null, null, null, null, null, null], [0.0, 0.0, 0.0, 0.0, 0.0, 0.0, 0.0, 0.0], [null, null, null, null, null, null, null, null]], "Pushpin 4": [[0.0, 0.0, 0.0, 0.0, 0.0, 0.0, 0.0, 0.0, null, null, null, 0, 0, 0, 0.0, 0.0], [0.0, 0.0, 0.0, 0.0, 0.0, 0.0, 0.0, 0.0, null, null, null, 0, 0, 0, 0.0, 0.0], [0.0, 0.0, 0.0, 0.0, 0.0, 0.0, 0.0, 0.0, [0.0, 0, 0], 0, 0.0, [0.0, 0, 0]], [0.0, 0.0, 0.0, 0.0, 0.0, 0.0, 0.0, 0.0, [0.0, 0, 0, 0], null, [0.0, 0], 0], [0.0, 0.0, 0.0, 0.0, 0.0, 0.0, 0.0, 0.0, [0.0, 0, 0, 0], 0.0, 0, 0.0, 0], [null, null, null, null, null, null, null, null, null, null, null, null], [null, null, null, null, null, null, null, null, null, null, null, null], [null, null, null, null, null, null, null, null, null, null, null, null], [[0.0, 0.4375, 0.0, 0.5, 1.0, 0, 0, 0.0], [0.0, 0.0, 0.0, 0.0, 0.6153846383094788, 1.0, 1.0]], [0.0, 0.0, 0.0, 0.0, 0, 0, 0.0, null, 0.0, 0.0, 0.0, 0.0, 0.0, 0.0], [null, null, null, null, null, null, null, null, null, null, null, null], [null, null, null, null, null, null, null, null, null, null, null, null], [null, null, null, null, null, null, null, null, null, null, null, null], [null, null, null, null, null, null, null, null, null, null, null, null], [0.0, 0.0, 0.0, 0.0, 0.0, 0.0, 0.0, 0.0], [null, null, null, null, null, null, null, null]], "Pushpin 5": [[0.0, 0.0, 0.0, 0.0, 0.0, 0.0, 0.0, 0.0, null, null, null, 0, 0, 0, 0.0, 0.0], [0.0, 0.0, 0.0, 0.0, 0.0, 0.0, 0.0, 0.0, null, null, null, 0, 0, 0, 0.0, 0.0], [0.0, 0.0, 0.0, 0.0, 0.0, 0.0, 0.0, 0.0, [0.0, 0, 0], 0, 0.0, [0.0, 0, 0]], [0.0, 0.0, 0.0, 0.0, 0.0, 0.0, 0.0, 0.0, [0.0, 0, 0, 0], null, [0.0, 0], 0], [0.0, 0.0, 0.0, 0.0, 0.0, 0.0, 0.0, 0.0, [0.0, 0, 0, 0], 0.0, 0, 0.0, 0], [null, null, null, null, null, null, null, null, null, null, null, null], [null, null, null, null, null, null, null, null, null, null, null, null], [null, null, null, null, null, null, null, null, null, null, null, null], [[0.0, 0.4375, 0.0, 0.5, 1.0, 0, 0, 0.0], [0.0, 0.0, 0.0, 0.0, 0.6153846383094788, 1.0, 1.0]], [0.0, 0.0, 0.0, 0.0, 0, 0, 0.0, null, 0.0, 0.0, 0.0, 0.0, 0.0, 0.0], [null, null, null, null, null, null, null, null, null, null, null, null], [null, null, null, null, null, null, null, null, null, null, null, null], [null, null, null, null, null, null, null, null, null, null, null, null], [null, null, null, null, null, null, null, null, null, null, null, null], [0.0, 0.0, 0.0, 0.0, 0.0, 0.0, 0.0, 0.0], [null, null, null, null, null, null, null, null]],