{"Pushpin 0": [[0.5, 0.5, 0.5, 0.5, 0.0, 0.0, 0.20000000298023224, 1.0, null, null, null, 0, 0, 0, 0.0, 3.0], [0.5, 0.5, 0.5, 0.5, 0.0, 0.0, 0.20000000298023224, 1.0, null, null, null, 0, 0, 0, 0.0, 3.0], [0.9193839430809021, 0.8660709857940674, 0.5, 1.0, 0.5756730484962465, 0.5204939982295039, 0.7737500596046449, 0.7464284896850586, [5.1999999999999975, 0, 0], 0, 1.0, [0.0, 0, 0]], [0.20892871618270847, 0.24046725749969444, 0.370000011920929, 0.574038565158844, 0.5, 0.5, 0.5, 0.0, [0.0, 0, 0, 0], null, [1.7499999999999996, 0], 0], [0.08571430295705795, 0.6153846383094788, 1.0, 0.4718407988548279, 1.0, 1.0, 0.32321420311927795, 0.8428573608398438, [0.0, 0, 0, 0], 1.0, 0, 0.07500000298023224, 0], [null, null, null, null, null, null, null, null, null, null, null, null], [0.5, 0.5384615659713745, 0.5384615659713745, 0.7098209857940674, 0.0, 0.3530358076095581, 0.8329944610595703, 0.17232100665569305, 0.3637835681438446, 0.16875000298023224, null, null, null, null, 0.5], [null, null, null, null, null, null, null, null, null, null, null, null]], "Pushpin 1": [[0.37625011801719666, 0.5, 0.5, 0.5, 0.0, 0.0, 0.20000000298023224, 1.0, null, null, null, 0, 0, 0, 0.3333333432674408, 0.0], [0.5, 0.5, 0.5, 0.5, 0.0, 0.0, 0.20000000298023224, 1.0, null, null, null, 0, 0, 0, 0.3333333432674408, 0.0], [0.14624950289726257, 0.0, 0.5, 0.5, 0.21980753540992737, 0.0, 0.6366072297096252, 0.5, [3.700000000000002, 0, 0], 0, 1.0, [0.0, 0, 0]], [0.0, 0.2526096999645233, 0.0, 0.4615384638309479, 0.6151785254478455, 0.5732145309448242, 0.3696430027484894, 0.455357164144516, [0.0, 0, 0, 0], null, [0.0, 0], 0], [0.0, 0.454670250415802, 0.0, 0.23076923191547394, 0.8607140183448792, 1.0, 0.6453572416305542, 0.6135714626312256, [0.0, 0, 0, 0], 1.0, 0, 0.2199999839067459, 0], [null, null, null, null, null, null, null, null, null, null, null, null], [null, null, null, null, null, null, null, null, null, null, null, null], [null, null, null, null, null, null, null, null, null, null, null, null]], "Pushpin 2": [[0.5899999999999996, 4.259999999999976, 0.8799999999999999, 0.05999999999999928, 0.9299999999999999, 1.0, 0.20000000298023224, 1.0, null, null, null, 0, 0, 0, 0.3333333432674408, 0.0], [0.5, 0.0, 0.5, 0.0, 0.0, 0.5, 0.10000000149011612, 1.0, null, null, null, 0, 0, 0, 0.3333333432674408, 0.0], [0.48461538553237915, 0.0, 0.5, 0.5, 0.48461538553237915, 0.0, 0.5, 0.5, [0.0, 0, 0], 0, 1.0, [0.0, 0, 0]], [0.0, 0.4615384638309479, 1.0, 0.23076923191547394, 0.5, 0.5, 0.5, 0.0, [0.0, 0, 0, 0], null, [0.0, 0], 0], [0.0, 0.25000000000000006, 0.0, 0.0, 1.0, 0.0, 0.5, 0.5, [0.0, 0, 0, 0], 1.0, 0, 0.0, 0], [null, null, null, null, null, null, null, null, null, null, null, null], [null, null, null, null, null, null, null, null, null, null, null, null], [null, null, null, null, null, null, null, null, null, null, null, null]], "Pushpin 3": [[0.5, 0.6499999761581421, 0.75, 0.5, 0.0, 0.9900000095367432, 0.10000000149011612, 1.0, null, null, null, 0, 0, 0, 0.3333333432674408, 0.0], [0.5, 0.5, 0.5, 0.5, 0.0, 0.0, 0.10000000149011612, 1.0, null, null, null, 0, 0, 0, 0.3333333432674408, 0.0], [0.48461538553237915, 0.0, 0.5, 0.5, 0.48461538553237915, 0.0, 0.5, 0.5, [0.0, 0, 0], 0, 1.0, [0.0, 0, 0]], [0.0, 0.4615384638309479, 1.0, 0.23076923191547394, 0.5, 0.5, 0.5, 0.0, [0.0, 0, 0, 0], null, [0.0, 0], 0], [0.0, 0.4615384638309479, 1.0, 0.23076923191547394, 1.0, 1.0, 0.5, 0.5, [0.0, 0, 0, 0], 1.0, 0, 0.0, 0], [null, null, null, null, null, null, null, null, null, null, null, null], [null, null, null, null, null, null, null, null, null, null, null, null], [null, null, null, null, null, null, null, null, null, null, null, null]], "Pushpin 4": [[0.5, 0.5, 0.5, 0.5, 0.0, 0.0, 0.10000000149011612, 1.0, null, null, null, 0, 0, 0, 0.3333333432674408, 0.0], [0.5, 0.5, 0.5, 0.5, 0.0, 0.0, 0.10000000149011612, 1.0, null, null, null, 0, 0, 0, 0.3333333432674408, 0.0], [0.48461538553237915, 0.0, 0.5, 0.5, 0.48461538553237915, 0.0, 0.5, 0.5, [0.0, 0, 0], 0, 1.0, [0.0, 0, 0]], [0.0, 0.4615384638309479, 1.0, 0.23076923191547394, 0.5, 0.5, 0.5, 0.0, [0.0, 0, 0, 0], null, [0.0, 0], 0], [0.0, 0.4615384638309479, 1.0, 0.23076923191547394, 1.0, 1.0, 0.5, 0.5, [0.0, 0, 0, 0], 1.0, 0, 0.0, 0], [null, null, null, null, null, null, null, null, null, null, null, null], [null, null, null, null, null, null, null, null, null, null, null, null], [null, null, null, null, null, null, null, null, null, null, null, null]], "Pushpin 5": [[0.5, 0.5, 0.5, 0.5, 0.0, 0.0, 0.10000000149011612, 1.0, null, null, null, 0, 0, 0, 0.3333333432674408, 0.0], [0.5, 0.5, 0.5, 0.5, 0.0, 0.0, 0.10000000149011612, 1.0, null, null, null, 0, 0, 0, 0.3333333432674408, 0.0], [0.48461538553237915, 0.0, 0.5, 0.5, 0.48461538553237915, 0.0, 0.5, 0.5, [0.0, 0, 0], 0, 1.0, [0.0, 0, 0]], [0.0, 0.4615384638309479, 1.0, 0.23076923191547394, 0.5, 0.5, 0.5, 0.0, [0.0, 0, 0, 0], null, [0.0, 0], 0], [0.0, 0.4615384638309479, 1.0, 0.23076923191547394, 1.0, 1.0, 0.5, 0.5, [0.0, 0, 0, 0], 1.0, 0, 0.0, 0], [null, null, null, null, null, null, null, null, null, null, null, null], [null, null, null, null, null, null, null, null, null, null, null, null], [null, null, null, null, null, null, null, null, null, null, null, null]], "Pushpin 6": [[0.5, 0.5, 0.5, 0.5, 0.0, 0.0, 0.10000000149011612, 1.0, null, null, null, 0, 0, 0, 0.3333333432674408, 0.0], [0.5, 0.5, 0.5, 0.5, 0.0, 0.0, 0.10000000149011612, 1.0, null, null, null, 0, 0, 0, 0.3333333432674408, 0.0], [0.48461538553237915, 0.0, 0.5, 0.5, 0.48461538553237915, 0.0, 0.5, 0.5, [0.0, 0, 0], 0, 1.0, [0.0, 0, 0]], [0.0, 0.4615384638309479, 1.0, 0.23076923191547394, 0.5, 0.5, 0.5, 0.0, [0.0, 0, 0, 0], null, [0.0, 0], 0], [0.0, 0.4615384638309479, 1.0, 0.23076923191547394, 1.0, 1.0, 0.5, 0.5, [0.0, 0, 0, 0], 1.0, 0, 0.0, 0], [null, null, null, null, null, null, null, null, null, null, null, null], [null, null, null, null, null, null, null, null, null, null, null, null], [null, null, null, null, null, null, null, null, null, null, null, null]], "Pushpin 7": [[0.5, 0.5, 0.5, 0.5, 0.0, 0.0, 0.10000000149011612, 1.0, null, null, null, 0, 0, 0, 0.3333333432674408, 0.0], [0.5, 0.5, 0.5, 0.5, 0.0, 0.0, 0.10000000149011612, 1.0, null, null, null, 0, 0, 0, 0.3333333432674408, 0.0], [0.48461538553237915, 0.0, 0.5, 0.5, 0.48461538553237915, 0.0, 0.5, 0.5, [0.0, 0, 0], 0, 1.0, [0.0, 0, 0]], [0.0, 0.4615384638309479, 1.0, 0.23076923191547394, 0.5, 0.5, 0.5, 0.0, [0.0, 0, 0, 0], null, [0.0, 0], 0], [0.0, 0.4615384638309479, 1.0, 0.23076923191547394, 1.0, 1.0, 0.5, 0.5, [0.0, 0, 0, 0], 1.0, 0, 0.0, 0], [null, null, null, null, null, null, null, null, null, null, null, null], [null, null, null, null, null, null, null, null, null, null, null, null], [null, null, null, null, null, null, null, null, null, null, null, null]]}