{"Pushpin 0": [[0.5, 0.5, 0.5, 0.5, 0.0, 0.0, 0.20000000298023224, 1.0, null, null, null, 0, 0, 0, 0.3333333432674408, 0.0], [0.5, 0.5, 0.5, 0.5, 0.0, 0.0, 0.20000000298023224, 1.0, null, null, null, 0, 0, 0, 0.3333333432674408, 0.0], [0.9193839430809021, 0.8660709857940674, 0.5, 1.0, 0.20567305564880356, 0.19049400091171265, 0.5600000262260434, 0.7464284896850586, [5.1999999999999975, 0, 0], 0, 1.0, [0.0, 0, 0]], [0.0, 0.4404672384262085, 0.2099999999999993, 0.574038565158844, 0.5, 0.5, 0.5, 0.0, [0.0, 0, 0, 0], null, [1.7499999999999996, 0], 0], [0.08571430295705795, 0.6153846383094788, 1.0, 0.4718407988548279, 1.0, 1.0, 0.32321420311927795, 0.8428573608398438, [0.0, 0, 0, 0], 1.0, 0, 0.07500000298023224, 0], [4.0, 0.0, 0.459821492433548, 0.8151785135269165, 0.1848214864730835, 0.5, 0.5, 0.4000000059604645, 0, 0.35297417640686035, 0.817857027053833, 0.7473210096359253], [0.42767849564552307, 0.35315942764282227, 0.4053572118282318, 0.5, 0.5076923370361328, 0.4000000059604645, null, 1.0, 0.26000000000000006, 1, 0.6535717844963074, null, null, null, null, 0.0], [0.5, 0.4615384638309479, 0.4615384638309479, 0.5, 0.0, 0.2769230902194977, 0.692307710647583, 0.009999999999999691, 0.3125, 0.0, 0, 0, 0, null, 0.5]], "Pushpin 1": [[0.37625011801719666, 0.5, 0.5, 0.5, 0.0, 0.0, 0.20000000298023224, 1.0, null, null, null, 0, 0, 0, 0.6666666865348816, 0.0], [0.5, 0.5, 0.5, 0.5, 0.0, 0.0, 0.20000000298023224, 1.0, null, null, null, 0, 0, 0, 0.6666666865348816, 0.0], [0.14624950289726257, 0.0, 0.5, 0.5, 0.21980753540992737, 0.0, 1, 0.5, [3.700000000000002, 0, 0], 0, 1.0, [0.0, 0, 0]], [0.0, 0.2526096999645233, 0.0, 0.4615384638309479, 0.6151785254478455, 0.5732145309448242, 0.3696430027484894, 0.455357164144516, [0.0, 0, 0, 0], null, [2.6, 0], 0], [0.0, 0.454670250415802, 1, 0.5199999999999995, 0.8607140183448792, 1.0, 0.6553572416305542, 0.5535714626312256, [0.0, 0, 0, 0], 1.0, 0, 0.0, 0], [null, null, null, null, null, null, null, null, null, null, null, null], [null, null, null, null, null, null, null, null, null, null, null, null], [null, null, null, null, null, null, null, null, null, null, null, null]], "Pushpin 2": [[0.5, 0, 0.5, 0, 0.0, 1.0, 0.20000000298023224, 1.0, null, null, null, 0, 0, 0, 0.3333333432674408, 0.0], [0.5, 0.5, 0.5, 0.5, 0.0, 0.0, 0.20000000298023224, 1.0, null, null, null, 0, 0, 0, 0.3333333432674408, 0.0], [0.5676512122154236, 0.0, 0.5, 0.5, 0.48461538553237915, 0.0, 0.5, 0.5, [0.0, 0, 0], 0, 1.0, [0.0, 0, 0]], [0.0, 0.4615384638309479, 0.0, 0.4615384638309479, 0.5, 0.7428569793701172, 0.5, 0.0, [0.0, 0, 0, 0], null, [0.0, 0], 0], [0.0, 0.2686813175678253, 0.0321430005133152, 0.1714286059141159, 1.0, 1.0, 0.5, 0.5, [0.0, 0, 0, 0], 1.0, 0, 0.0, 0], [0, 0.9299999999999999, 0.8700000029802328, 4.249999999999967, 1, 0.20000000000000004, null, 0.46000000000000013, 0.0, 1.0, null, null, null], [null, null, null, null, null, null, null, null, null, null, null, null], [0.0, 0.5642857551574707, 1.0, 0.0, 0.5, 0.38124918937683105, 0.0008929967880249023, 0.44374948740005493, null, null, null, null, null, null, null, 0.4937497079372406]], "Pushpin 3": [[0.49000000953674316, 0.1599999964237213, 1.0, 0.10000000149011612, 1.0, 0.10000000149011612, 0.4615384638309479, 1, null, null, null, 0, 0, 0, 0.3333333432674408, 0.0], [0.49000000953674316, 0, 0.6399999856948853, 0, 0.0, 1.0, 0.07999999821186066, 16.0, null, null, null, 0, 0, 0, 0.3333333432674408, 0.0], [0.48461538553237915, 0.0, 0.5, 0.5, 0.48461538553237915, 0.0, 0.5, 0.5599999999999996, [2.800000000000001, 0, 0], 0, 1.0, [0.0, 0, 0]], [0.0, 0.45153844356536865, 0.0, 0.48076921701431274, 0.5199999809265137, 0.5, 0.5, 0.0, [0.0, 0, 0, 0], null, [1.8100000000000005, 0], 0], [0.0, 0.4615384638309479, 1.0, 0.23076923191547394, 1.0, 1.0, 0.5, 0.5, [0.0, 0, 0, 0], 1.0, 0, 0.0, 0], [0.5, 0.4615384638309479, 0.4615384638309479, 0.5, 0.0, 0.2769230902194977, 0.692307710647583, 0.23999999463558197, 0.3125, 0.0, 0, 0, 0, null, 0.5], [null, null, null, null, null, null, null, null, null, null, null, null], [null, null, null, null, null, null, null, null, null, null, null, null]], "Pushpin 4": [[0.5, 0.5, 0.5, 0.5, 0.3600000000000001, 0.2999999999999994, 0.10000000149011612, 1.0, null, null, null, 0, 0, 0, 0.3333333432674408, 0.0], [0.5, 0.5, 0.5, 0.5, 0.0, 0.0, 0.10000000149011612, 1.0, null, null, null, 0, 0, 0, 0.3333333432674408, 0.0], [0.48461538553237915, 0.0, 0.5, 0.5, 0.48461538553237915, 0.0, 0.5, 0.5, [0.0, 0, 0], 0, 1.0, [0.0, 0, 0]], [0.0, 0.4615384638309479, 1.0, 0.23076923191547394, 0.5, 0.5, 0.5, 0.0, [0.0, 0, 0, 0], null, [0.0, 0], 0], [0.0, 0.4615384638309479, 1.0, 0.23076923191547394, 1.0, 1.0, 0.5, 0.5, [0.0, 0, 0, 0], 1.0, 0, 0.0, 0], [null, null, null, null, null, null, null, null, null, null, null, null], [null, null, null, null, null, null, null, null, null, null, null, null], [null, null, null, null, null, null, null, null, null, null, null, null]], "Pushpin 5": [[0.5, 0.5, 0.5, 0.5, 0.0, 0.0, 0.10000000149011612, 1.0, null, null, null, 0, 0, 0, 0.3333333432674408, 0.0], [0.5, 0.5, 0.5, 0.5, 0.0, 0.0, 0.10000000149011612, 1.0, null, null, null, 0, 0, 0, 0.3333333432674408, 0.0], [0.48461538553237915, 0.0, 0.5, 0.5, 0.48461538553237915, 0.0, 0.5, 0.5, [0.0, 0, 0], 0, 1.0, [0.0, 0, 0]], [0.0, 0.4615384638309479, 1.0, 0.23076923191547394, 0.5, 0.5, 0.5, 0.0, [0.0, 0, 0, 0], null, [0.0, 0], 0], [0.0, 0.4615384638309479, 1.0, 0.23076923191547394, 1.0, 1.0, 0.5, 0.5, [0.0, 0, 0, 0], 1.0, 0, 0.0, 0], [null, null, null, null, null, null, null, null, null, null, null, null], [null, null, null, null, null, null, null, null, null, null, null, null], [null, null, null, null, null, null, null, null, null, null, null, null]], "Pushpin 6": [[0.5, 0.5, 0.5, 0.5, 0.03, 0.0, 0.10000000149011612, 1.0, null, null, null, 0, 0, 0, 0.3333333432674408, 0.0], [0.5, 0.5, 0.5, 0.5, 0.0, 0.0, 0.10000000149011612, 1.0, null, null, null, 0, 0, 0, 0.3333333432674408, 0.0], [0.48461538553237915, 0.0, 0.5, 0.5, 0.48461538553237915, 0.0, 0.5, 0.5, [0.0, 0, 0], 0, 1.0, [0.0, 0, 0]], [0.0, 0.4615384638309479, 1.0, 0.23076923191547394, 0.5, 0.5, 0.5, 0.0, [0.0, 0, 0, 0], null, [0.0, 0], 0], [0.0, 0.4615384638309479, 1.0, 0.23076923191547394, 1.0, 1.0, 0.5, 0.5, [0.0, 0, 0, 0], 1.0, 0, 0.0, 0], [null, null, null, null, null, null, null, null, null, null, null, null], [null, null, null, null, null, null, null, null, null, null, null, null], [null, null, null, null, null, null, null, null, null, null, null, null]], "Pushpin 7": [[0.5, 0.5, 0.5, 0.5, 0.0, 0.0, 0.10000000149011612, 1.0, null, null, null, 0, 0, 0, 0.3333333432674408, 0.0], [0.5, 0.5, 0.5, 0.5, 0.0, 0.0, 0.10000000149011612, 1.0, null, null, null, 0, 0, 0, 0.3333333432674408, 0.0], [0.48461538553237915, 0.0, 0.5, 0.5, 0.48461538553237915, 0.0, 0.5, 0.5, [0.0, 0, 0], 0, 1.0, [0.0, 0, 0]], [0.0, 0.4615384638309479, 1.0, 0.23076923191547394, 0.5, 0.5, 0.5, 0.0, [0.0, 0, 0, 0], null, [0.0, 0], 0], [0.0, 0.4615384638309479, 1.0, 0.23076923191547394, 1.0, 1.0, 0.5, 0.5, [0.0, 0, 0, 0], 1.0, 0, 0.0, 0], [null, null, null, null, null, null, null, null, null, null, null, null], [null, null, null, null, null, null, null, null, null, null, null, null], [null, null, null, null, null, null, null, null, null, null, null, null]]}