{"Pushpin 0": [[0.5, 0.5, 0.5, 0.5, 0.0, 0.08035717159509659, 0.32857099175453186, 3.0, null, null, null, 0, 0, 0, 0.6666666865348816, 0.0], [0.5, 0.5, 0.5, 0.5, 0.0, 0.08303572982549667, 0.20000000298023224, 3.0, null, null, null, 0, 0, 0, 0.6666666865348816, 0.0], [0.5050133466720581, 0.0, 0.5026785731315613, 1.0, 0.4999999701976776, 0.0, 0.5, 0.5, [0.0, 0, 0], 0, 1.0, [0.0, 0, 0]], [0.18214291334152222, 0.6946430802345276, 0.12857100367546082, 0.11483529955148697, 0.699999988079071, 0.5107142329216003, 0.5, 0.3749999701976776, [0.0, 0, 0, 0], null, [0.0, 0], 0], [0.0, 0.6153846383094788, 1.0, 0.22197800874710083, 1.0, 1.0, 0.5, 0.5910720229148865, [0.0, 0, 0, 0], 1.0, 0, 0.16607150435447693, 0], [null, null, null, null, null, null, null, null, null, null, null, null], [null, null, null, null, null, null, null, null, null, null, null, null], [null, null, null, null, null, null, null, null, null, null, null, null], [[0.0, 0.5859094262123108, 0.0, 0.5, 0.0, 0, 0, 0.0], [0.0, 0.0, 0.0, 0.0, 1.0, 1.0, 1.0]], [0.0, 0.0, 0.0, 0.0, 0, 0, 0.0, null, 0.0, 0.0, 0.0, 0.0, 0.0, 0.0], [null, null, null, null, null, null, null, null, null, null, null, null], [null, null, null, null, null, null, null, null, null, null, null, null], [null, null, null, null, null, null, null, null, null, null, null, null], [null, null, null, null, null, null, null, null, null, null, null, null], [0.0, 0.0, 0.0, 0.0, 0.0, 0.0, 0.0, 0.0], [null, null, null, null, null, null, null, null]], "Pushpin 1": [[0.5, 0.5, 0.5, 0.5, 0.0, 0.0, 0.10000000149011612, 1.0, null, null, null, 0, 0, 0, 0.3333333432674408, 0.0], [0.5, 0.5, 0.5, 0.5, 0.0, 0.0, 0.10000000149011612, 1.0, null, null, null, 0, 0, 0, 0.3333333432674408, 0.0], [0.48461538553237915, 0.0, 0.5, 0.5, 0.48461538553237915, 0.0, 0.5, 0.5, [0.0, 0, 0], 0, 1.0, [0.0, 0, 0]], [0.0, 0.4615384638309479, 1.0, 0.23076923191547394, 0.5, 0.5, 0.5, 0.0, [0.0, 0, 0, 0], null, [0.0, 0], 0], [0.0, 0.4615384638309479, 1.0, 0.23076923191547394, 1.0, 1.0, 0.5, 0.5, [0.0, 0, 0, 0], 1.0, 0, 0.0, 0], [null, null, null, null, null, null, null, null, null, null, null, null], [null, null, null, null, null, null, null, null, null, null, null, null], [null, null, null, null, null, null, null, null, null, null, null, null], [[0.0, 0.4375, 0.0, 0.5, 1.0, 0, 0, 0.0], [0.0, 0.0, 0.0, 0.0, 0.6153846383094788, 1.0, 1.0]], [0.0, 0.0, 0.0, 0.0, 0, 0, 0.0, null, 0.0, 0.0, 0.0, 0.0, 0.0, 0.0], [null, null, null, null, null, null, null, null, null, null, null, null], [null, null, null, null, null, null, null, null, null, null, null, null], [null, null, null, null, null, null, null, null, null, null, null, null], [null, null, null, null, null, null, null, null, null, null, null, null], [0.0, 0.0, 0.0, 0.0, 0.0, 0.0, 0.0, 0.0], [null, null, null, null, null, null, null, null]], "Pushpin 2": [[0.5, 0.5, 0.5, 0.5, 0.0, 0.0, 0.10000000149011612, 1.0, null, null, null, 0, 0, 0, 0.3333333432674408, 0.0], [0.5, 0.5, 0.5, 0.5, 0.0, 0.0, 0.10000000149011612, 1.0, null, null, null, 0, 0, 0, 0.3333333432674408, 0.0], [0.48461538553237915, 0.0, 0.5, 0.5, 0.48461538553237915, 0.0, 0.5, 0.5, [0.0, 0, 0], 0, 1.0, [0.0, 0, 0]], [0.0, 0.4615384638309479, 1.0, 0.23076923191547394, 0.5, 0.5, 0.5, 0.0, [0.0, 0, 0, 0], null, [0.0, 0], 0], [0.0, 0.4615384638309479, 1.0, 0.23076923191547394, 1.0, 1.0, 0.5, 0.5, [0.0, 0, 0, 0], 1.0, 0, 0.0, 0], [null, null, null, null, null, null, null, null, null, null, null, null], [null, null, null, null, null, null, null, null, null, null, null, null], [null, null, null, null, null, null, null, null, null, null, null, null], [[0.0, 0.4375, 0.0, 0.5, 1.0, 0, 0, 0.0], [0.0, 0.0, 0.0, 0.0, 0.6153846383094788, 1.0, 1.0]], [0.0, 0.0, 0.0, 0.0, 0, 0, 0.0, null, 0.0, 0.0, 0.0, 0.0, 0.0, 0.0], [null, null, null, null, null, null, null, null, null, null, null, null], [null, null, null, null, null, null, null, null, null, null, null, null], [null, null, null, null, null, null, null, null, null, null, null, null], [null, null, null, null, null, null, null, null, null, null, null, null], [0.0, 0.0, 0.0, 0.0, 0.0, 0.0, 0.0, 0.0], [null, null, null, null, null, null, null, null]], "Pushpin 3": [[0.5, 0.5, 0.5, 0.5, 0.0, 0.0, 0.10000000149011612, 1.0, null, null, null, 0, 0, 0, 0.3333333432674408, 0.0], [0.5, 0.5, 0.5, 0.5, 0.0, 0.0, 0.10000000149011612, 1.0, null, null, null, 0, 0, 0, 0.3333333432674408, 0.0], [0.48461538553237915, 0.0, 0.5, 0.5, 0.48461538553237915, 0.0, 0.5, 0.5, [0.0, 0, 0], 0, 1.0, [0.0, 0, 0]], [0.0, 0.4615384638309479, 1.0, 0.23076923191547394, 0.5, 0.5, 0.5, 0.0, [0.0, 0, 0, 0], null, [0.0, 0], 0], [0.0, 0.4615384638309479, 1.0, 0.23076923191547394, 1.0, 1.0, 0.5, 0.5, [0.0, 0, 0, 0], 1.0, 0, 0.0, 0], [null, null, null, null, null, null, null, null, null, null, null, null], [null, null, null, null, null, null, null, null, null, null, null, null], [null, null, null, null, null, null, null, null, null, null, null, null], [[0.0, 0.4375, 0.0, 0.5, 1.0, 0, 0, 0.0], [0.0, 0.0, 0.0, 0.0, 0.6153846383094788, 1.0, 1.0]], [0.0, 0.0, 0.0, 0.0, 0, 0, 0.0, null, 0.0, 0.0, 0.0, 0.0, 0.0, 0.0], [null, null, null, null, null, null, null, null, null, null, null, null], [null, null, null, null, null, null, null, null, null, null, null, null], [null, null, null, null, null, null, null, null, null, null, null, null], [null, null, null, null, null, null, null, null, null, null, null, null], [0.0, 0.0, 0.0, 0.0, 0.0, 0.0, 0.0, 0.0], [null, null, null, null, null, null, null, null]], "Pushpin 4": [[0.5, 0.5, 0.5, 0.5, 0.0, 0.0, 0.10000000149011612, 1.0, null, null, null, 0, 0, 0, 0.3333333432674408, 0.0], [0.5, 0.5, 0.5, 0.5, 0.0, 0.0, 0.10000000149011612, 1.0, null, null, null, 0, 0, 0, 0.3333333432674408, 0.0], [0.48461538553237915, 0.0, 0.5, 0.5, 0.48461538553237915, 0.0, 0.5, 0.5, [0.0, 0, 0], 0, 1.0, [0.0, 0, 0]], [0.0, 0.4615384638309479, 1.0, 0.23076923191547394, 0.5, 0.5, 0.5, 0.0, [0.0, 0, 0, 0], null, [0.0, 0], 0], [0.0, 0.4615384638309479, 1.0, 0.23076923191547394, 1.0, 1.0, 0.5, 0.5, [0.0, 0, 0, 0], 1.0, 0, 0.0, 0], [null, null, null, null, null, null, null, null, null, null, null, null], [null, null, null, null, null, null, null, null, null, null, null, null], [null, null, null, null, null, null, null, null, null, null, null, null], [[0.0, 0.4375, 0.0, 0.5, 1.0, 0, 0, 0.0], [0.0, 0.0, 0.0, 0.0, 0.6153846383094788, 1.0, 1.0]], [0.0, 0.0, 0.0, 0.0, 0, 0, 0.0, null, 0.0, 0.0, 0.0, 0.0, 0.0, 0.0], [null, null, null, null, null, null, null, null, null, null, null, null], [null, null, null, null, null, null, null, null, null, null, null, null], [null, null, null, null, null, null, null, null, null, null, null, null], [null, null, null, null, null, null, null, null, null, null, null, null], [0.0, 0.0, 0.0, 0.0, 0.0, 0.0, 0.0, 0.0], [null, null, null, null, null, null, null, null]],