{"Pushpin 0": [[0.5, 0.5, 0.5, 0.5, 0.0, 0.0, 0.10000000149011612, 1.0, null, null, null, 0, 0, 0, 0, 0.3333333432674408], [0.5, 0.5, 0.5, 0.5, 0.0, 0.0, 0.10000000149011612, 1.0, null, null, null, 0, 0, 0, 0, 0.3333333432674408], [0.48461538553237915, 0.0, 0.5, 0.5, 0.48461538553237915, 0.0, 0.5, 0.5, [0.0, 0, 0], 0, 1.0, [0.0, 0, 0]], [0.0, 0.4615384638309479, 1.0, 0.23076923191547394, 0.5, 0.5, 0.5, 0.0, [0.0, 0, 0, 0], null, [0.0, 0], 0], [0.0, 0.4615384638309479, 1.0, 0.23076923191547394, 1.0, 1.0, 0.5, 0.5, [0.0, 0, 0, 0], 1.0, 0, 0.0, 0], [null, null, null, null, null, null, null, null, null, null, null, null], [0.5, 0.4615384638309479, 0.4000000059604645, 0.4615384638309479, 0, 0.5, 0.030000001192092896, null, 0.699999988079071, 1.0, 0.6100000143051147, 1, null, null, null, 1], [null, null, null, null, null, null, null, null, null, null, null, null]], "Pushpin 1": [[0.0, 0.0, 0.0, 0.0, 0.0, 0.0, 0.0, 1.0, null, null, null, 0, 0, 0, 0, 0.0], [0.0, 0.0, 0.0, 0.0, 0.0, 0.0, 0.0, 1.0, null, null, null, 0, 0, 0, 0, 0.0], [0.0, 0.0, 0.0, 0.0, 0.0, 0.0, 0.0, 0.0, [0.0, 0, 0], 0, 0.0, [0.0, 0, 0]], [0.0, 0.0, 0.0, 0.0, 0.0, 0.0, 0.0, 0.0, [0.0, 0, 0, 0], null, [0.0, 0], 0], [0.0, 0.0, 0.0, 0.0, 0.0, 0.0, 0.0, 0.5, [0.0, 0, 0, 0], 1.0, 0, 0.0, 0], [null, null, null, null, null, null, null, null, null, null, null, null], [null, null, null, null, null, null, null, null, null, null, null, null], [null, null, null, null, null, null, null, null, null, null, null, null]], "Pushpin 2": [[0.0, 0.0, 0.0, 0.0, 0.0, 0.0, 0.0, 1.0, null, null, null, 0, 0, 0, 0, 0.0], [0.0, 0.0, 0.0, 0.0, 0.0, 0.0, 0.0, 1.0, null, null, null, 0, 0, 0, 0, 0.0], [0.0, 0.0, 0.0, 0.0, 0.0, 0.0, 0.0, 0.0, [0.0, 0, 0], 0, 0.0, [0.0, 0, 0]], [0.0, 0.0, 0.0, 0.0, 0.0, 0.0, 0.0, 0.0, [0.0, 0, 0, 0], null, [0.0, 0], 0], [0.0, 0.0, 0.0, 0.0, 0.0, 0.0, 0.0, 0.5, [0.0, 0, 0, 0], 1.0, 0, 0.0, 0], [null, null, null, null, null, null, null, null, null, null, null, null], [0.0, 0.0, 0.0, 0.0, 0.0, 0.0, 0, 0.0, null, null, null, null], [null, null, null, null, null, null, null, null, null, null, null, null]], "Pushpin 3": [[0.0, 0.0, 0.0, 0.0, 0.0, 0.0, 0.0, 1.0, null, null, null, 0, 0, 0, 0, 0.0], [0.0, 0.0, 0.0, 0.0, 0.0, 0.0, 0.0, 1.0, null, null, null, 0, 0, 0, 0, 0.0], [0.0, 0.0, 0.0, 0.0, 0.0, 0.0, 0.0, 0.0, [0.0, 0, 0], 0, 0.0, [0.0, 0, 0]], [0.0, 0.0, 0.0, 0.0, 0.0, 0.0, 0.0, 0.0, [0.0, 0, 0, 0], null, [0.0, 0], 0], [0.0, 0.0, 0.0, 0.0, 0.0, 0.0, 0.0, 0.5, [0.0, 0, 0, 0], 1.0, 0, 0.0, 0], [null, null, null, null, null, null, null, null, null, null, null, null], [null, null, null, null, null, null, null, null, null, null, null, null], [null, null, null, null, null, null, null, null, null, null, null, null]], "Pushpin 4": [[0.0, 0.0, 0.0, 0.0, 0.0, 0.0, 0.0, 1.0, null, null, null, 0, 0, 0, 0, 0.0], [0.0, 0.0, 0.0, 0.0, 0.0, 0.0, 0.0, 1.0, null, null, null, 0, 0, 0, 0, 0.0], [0.0, 0.0, 0.0, 0.0, 0.0, 0.0, 0.0, 0.0, [0.0, 0, 0], 0, 0.0, [0.0, 0, 0]], [0.0, 0.0, 0.0, 0.0, 0.0, 0.0, 0.0, 0.0, [0.0, 0, 0, 0], null, [0.0, 0], 0], [0.0, 0.0, 0.0, 0.0, 0.0, 0.0, 0.0, 0.5, [0.0, 0, 0, 0], 1.0, 0, 0.0, 0], [null, null, null, null, null, null, null, null, null, null, null, null], [null, null, null, null, null, null, null, null, null, null, null, null], [null, null, null, null, null, null, null, null, null, null, null, null]], "Pushpin 5": [[0.0, 0.0, 0.0, 0.0, 0.0, 0.0, 0.0, 1.0, null, null, null, 0, 0, 0, 0, 0.0], [0.0, 0.0, 0.0, 0.0, 0.0, 0.0, 0.0, 1.0, null, null, null, 0, 0, 0, 0, 0.0], [0.0, 0.0, 0.0, 0.0, 0.0, 0.0, 0.0, 0.0, [0.0, 0, 0], 0, 0.0, [0.0, 0, 0]], [0.0, 0.0, 0.0, 0.0, 0.0, 0.0, 0.0, 0.0, [0.0, 0, 0, 0], null, [0.0, 0], 0], [0.0, 0.0, 0.0, 0.0, 0.0, 0.0, 0.0, 0.5, [0.0, 0, 0, 0], 1.0, 0, 0.0, 0], [null, null, null, null, null, null, null, null, null, null, null, null], [null, null, null, null, null, null, null, null, null, null, null, null], [null, null, null, null, null, null, null, null, null, null, null, null]], "Pushpin 6": [[0.0, 0.0, 0.0, 0.0, 0.0, 0.0, 0.0, 1.0, null, null, null, 0, 0, 0, 0, 0.0], [0.0, 0.0, 0.0, 0.0, 0.0, 0.0, 0.0, 1.0, null, null, null, 0, 0, 0, 0, 0.0], [0.0, 0.0, 0.0, 0.0, 0.0, 0.0, 0.0, 0.0, [0.0, 0, 0], 0, 0.0, [0.0, 0, 0]], [0.0, 0.0, 0.0, 0.0, 0.0, 0.0, 0.0, 0.0, [0.0, 0, 0, 0], null, [0.0, 0], 0], [0.0, 0.0, 0.0, 0.0, 0.0, 0.0, 0.0, 0.5, [0.0, 0, 0, 0], 1.0, 0, 0.0, 0], [null, null, null, null, null, null, null, null, null, null, null, null], [null, null, null, null, null, null, null, null, null, null, null, null], [null, null, null, null, null, null, null, null, null, null, null, null]], "Pushpin 7": [[0.0, 0.0, 0.0, 0.0, 0.0, 0.0, 0.0, 1.0, null, null, null, 0, 0, 0, 0, 0.0], [0.0, 0.0, 0.0, 0.0, 0.0, 0.0, 0.0, 1.0, null, null, null, 0, 0, 0, 0, 0.0], [0.0, 0.0, 0.0, 0.0, 0.0, 0.0, 0.0, 0.0, [0.0, 0, 0], 0, 0.0, [0.0, 0, 0]], [0.0, 0.0, 0.0, 0.0, 0.0, 0.0, 0.0, 0.0, [0.0, 0, 0, 0], null, [0.0, 0], 0], [0.0, 0.0, 0.0, 0.0, 0.0, 0.0, 0.0, 0.5, [0.0, 0, 0, 0], 1.0, 0, 0.0, 0], [null, null, null, null, null, null, null, null, null, null, null, null], [null, null, null, null, null, null, null, null, null, null, null, null], [null, null, null, null, null, null, null, null, null, null, null, null]]}