{"Pushpin 0": [[0.5, 0.5, 0.5, 0.5, 0.0, 0.40000000000000013, 0.6100000029802326, 1.0, null, null, null, 0, 0, 0.13000000000000067, 0.3333333432674408, 0.0], [0.5, 0.3799999952316284, 9.0, 0.3199999928474426, 18.0, 1.0, 0.5799999833106995, 0.0, null, null, null, 0, 0, 0, 0.3333333432674408, 0.0], [0.5600000321865084, 0.3360709846019745, 0.5, 1.0, 0.3499999940395355, 0.0, 0.5937500596046448, 0.7464284896850586, [5.999999999999995, 0, 0], 0, 1.0, [0.0, 0, 0]], [0.5089287161827087, 0.6704672574996948, 0.30000001192092896, 0.574038565158844, 0.5, 0.5, 0.5, 0.0, [0.0, 0, 0, 0], null, [0.0, 0], 0], [0.08571430295705795, 0.6153846383094788, 1.0, 0.4718407988548279, 1.0, 1.0, 0.32321420311927795, 0.8428573608398438, [0.0, 0, 0, 0], 1.0, 0, 0.07500000298023224, 0], [null, null, null, null, null, null, null, null, null, null, null, null], [null, null, null, null, null, null, null, null, null, null, null, null], [null, null, null, null, null, null, null, null, null, null, null, null], [[0.0, 0.5793147683143616, 0.0, 0.5, 0.0, 0, 0, 0.0], [0.0, 0.0, 0.0, 0.0, 0.6153846383094788, 1.0, 1.0]], [0.4375, 0.0, 0.5, 1.0, 0, 0, 0.0, null, 0.0, 0.0, 0.0, 0.6153846383094788, 1.0, 1.0], [null, null, null, null, null, null, null, null, null, null, null, null], [null, null, null, null, null, null, null, null, null, null, null, null], [null, null, null, null, null, null, null, null, null, null, null, null], [null, null, null, null, null, null, null, null, null, null, null, null], [0.0, 0.0, 0.0, 0.0, 0.0, 0.09, 0.7199999999999998, 0.0], [null, null, null, null, null, null, null, null]], "Pushpin 1": [[0.37625011801719666, 0.5, 0.5, 0.5, 0.0, 0.0, 0.20000000298023224, 1.0, null, null, null, 0, 0, 0, 0.3333333432674408, 0.0], [0.5, 0.5, 0.5, 0.5, 0.0, 0.0, 0.20000000298023224, 1.0, null, null, null, 0, 0, 0, 0.3333333432674408, 0.0], [0.14624950289726257, 0.0, 0.5, 0.5, 0.21980753540992737, 0.0, 0.6366072297096252, 0.5, [0.0, 0, 0], 0, 1.0, [0.0, 0, 0]], [0.0, 0.2526096999645233, 0.0, 0.4615384638309479, 0.6151785254478455, 0.5732145309448242, 0.3696430027484894, 0.455357164144516, [0.0, 0, 0, 0], null, [0.0, 0], 0], [0.0, 0.454670250415802, 0.0, 0.23076923191547394, 0.8607140183448792, 1.0, 0.6553572416305542, 0.5535714626312256, [0.0, 0, 0, 0], 1.0, 0, 0.0, 0], [null, null, null, null, null, null, null, null, null, null, null, null], [null, null, null, null, null, null, null, null, null, null, null, null], [null, null, null, null, null, null, null, null, null, null, null, null], [[0.0, 0.4375, 0.0, 0.5696430206298828, 1.0, 0, 0, 0.0], [0.0, 0.0, 0.0, 0.0, 0.3454551100730896, 0.0, 1.0]], [0.0, 0.0, 0.0, 0.0, 0, 0, 0.0, null, 0.0, 0.0, 0.0, 0.0, 0.0, 0.0], [null, null, null, null, null, null, null, null, null, null, null, null], [null, null, null, null, null, null, null, null, null, null, null, null], [null, null, null, null, null, null, null, null, null, null, null, null], [null, null, null, null, null, null, null, null, null, null, null, null], [0.0, 0.0, 0.0, 0.0, 0.0, 0.0, 0.0, 0.0], [null, null, null, null, null, null, null, null]], "Pushpin 2": [[0.5, 0.5, 0.5, 0.5, 0.0, 0.0, 0.10000000149011612, 1.0, null, null, null, 0, 0, 0, 0.3333333432674408, 0.0], [0.5, 0.5, 0.5, 0.5, 0.0, 0.0, 0.10000000149011612, 1.0, null, null, null, 0, 0, 0, 0.3333333432674408, 0.0], [0.48461538553237915, 0.0, 0.5, 0.5, 0.48461538553237915, 0.0, 0.5, 0.5, [0.0, 0, 0], 0, 1.0, [0.0, 0, 0]], [0.0, 0.4615384638309479, 1.0, 0.23076923191547394, 0.5, 0.5, 0.5, 0.0, [0.0, 0, 0, 0], null, [0.0, 0], 0], [0.0, 0.4615384638309479, 1.0, 0.23076923191547394, 1.0, 1.0, 0.5, 0.5, [0.0, 0, 0, 0], 1.0, 0, 0.0, 0], [null, null, null, null, null, null, null, null, null, null, null, null], [null, null, null, null, null, null, null, null, null, null, null, null], [null, null, null, null, null, null, null, null, null, null, null, null], [[0.0, 0.4375, 0.0, 0.5, 1.0, 0, 0, 0.0], [0.0, 0.0, 0.0, 0.0, 0.6153846383094788, 1.0, 1.0]], [0.0, 0.0, 0.0, 0.0, 0, 0, 0.0, null, 0.0, 0.0, 0.0, 0.0, 0.0, 0.0], [null, null, null, null, null, null, null, null, null, null, null, null], [null, null, null, null, null, null, null, null, null, null, null, null], [null, null, null, null, null, null, null, null, null, null, null, null], [null, null, null, null, null, null, null, null, null, null, null, null], [0.0, 0.0, 0.0, 0.0, 0.0, 0.0, 0.0, 0.0], [null, null, null, null, null, null, null, null]], "Pushpin 3": [[0.5, 0.5, 0.5, 0.5, 0.0, 0.0, 0.10000000149011612, 1.0, null, null, null, 0, 0, 0, 0.3333333432674408, 0.0], [0.5, 0.5, 0.5, 0.5, 0.0, 0.0, 0.10000000149011612, 1.0, null, null, null, 0, 0, 0, 0.3333333432674408, 0.0], [0.48461538553237915, 0.0, 0.5, 0.5, 0.48461538553237915, 0.0, 0.5, 0.5, [0.0, 0, 0], 0, 1.0, [0.0, 0, 0]], [0.0, 0.4615384638309479, 1.0, 0.23076923191547394, 0.5, 0.5, 0.5, 0.0, [0.0, 0, 0, 0], null, [0.0, 0], 0], [0.0, 0.4615384638309479, 1.0, 0.23076923191547394, 1.0, 1.0, 0.5, 0.5, [0.0, 0, 0, 0], 1.0, 0, 0.0, 0], [null, null, null, null, null, null, null, null, null, null, null, null], [null, null, null, null, null, null, null, null, null, null, null, null], [null, null, null, null, null, null, null, null, null, null, null, null], [[0.0, 0.4375, 0.0, 0.5, 1.0, 0, 0, 0.0], [0.0, 0.0, 0.0, 0.0, 0.6153846383094788, 1.0, 1.0]], [0.0, 0.0, 0.0, 0.0, 0, 0, 0.0, null, 0.0, 0.0, 0.0, 0.0, 0.0, 0.0], [null, null, null, null, null, null, null, null, null, null, null, null], [null, null, null, null, null, null, null, null, null, null, null, null], [null, null, null, null, null, null, null, null, null, null, null, null], [null, null, null, null, null, null, null, null, null, null, null, null], [0.0, 0.0, 0.0, 0.0, 0.0, 0.0, 0.0, 0.0], [null, null, null, null, null, null, null, null]], "Pushpin 4": [[0.5, 0.5, 0.5, 0.5, 0.0, 0.0, 0.5800000014901164, 1.0, null, null, null, 0, 0, 0, 0.3333333432674408, 0.0], [0.5, 0.5, 0.5, 0.5, 0.0, 0.0, 0.10000000149011612, 1.0, null, null, null, 0, 0, 0, 0.3333333432674408, 0.0], [0.48461538553237915, 0.0, 0.5, 0.5, 0.48461538553237915, 0.0, 0.5, 0.5, [0.0, 0, 0], 0, 1.0, [0.0, 0, 0]], [0.0, 0.4615384638309479, 1.0, 0.23076923191547394, 0.5, 0.5, 0.5, 0.0, [0.0, 0, 0, 0], null, [0.0, 0], 0], [0.0, 0.4615384638309479, 1.0, 0.23076923191547394, 1.0, 1.0, 0.5, 0.5, [0.0, 0, 0, 0], 1.0, 0, 0.0, 0], [null, null, null, null, null, null, null, null, null, null, null, null], [null, null, null, null, null, null, null, null, null, null, null, null], [null, null, null, null, null, null, null, null, null, null, null, null], [[0.0, 0.4375, 0.0, 0.5, 1.0, 0, 0, 0.0], [0.0, 0.0, 0.0, 0.0, 0.6153846383094788, 1.0, 1.0]], [0.0, 0.0, 0.0, 0.0, 0, 0, 0.0, null, 0.0, 0.0, 0.0, 0.0, 0.0, 0.0], [null, null, null, null, null, null, null, null, null, null, null, null], [null, null, null, null, null, null, null, null, null, null, null, null], [null, null, null, null, null, null, null, null, null, null, null, null], [null, null, null, null, null, null, null, null, null, null, null, null], [0.0, 0.0, 0.0, 0.0, 0.0, 0.0, 0.0, 0.0], [null, null, null, null, null, null, null, null]],