{"Pushpin 0": [0.3700000000000001, 2, 2, 2, 2.24, 8.820000000000114, 3.1700000000000004, 16.260000000000097], "Pushpin 1": [0.99, 0.0, 0.0, 0.0, 8.439999999999998, 17.499999999999993, 3.1700000000000004, 15.64000000000007], "Pushpin 2": [0.99, 0.0, 0.0, 0.0, 32, 4.48, 3.1700000000000004, 15.64000000000007], "Pushpin 3": [0.99, 0.0, 0.0, 0.0, 5.649999999999999, 16.879999999999992, 3.1700000000000004, 16.260000000000097], "Pushpin 4": [0.99, 0.0, 0.0, 0.0, 5.029999999999999, 6.960000000000001, 3.1700000000000004, 16.260000000000097], "Pushpin 5": [0.99, 0.0, 0.0, 0.0, 5.339999999999999, 13.779999999999994, 3.1700000000000004, 16.260000000000097], "Pushpin 6": [0.99, 0.0, 0.0, 0.0, 5.029999999999999, 14.399999999999993, 5.650000000000002, 16.260000000000097], "Pushpin 7": [0.99, 0.0, 0.0, 0.0, 5.339999999999999, 11.299999999999997, 3.1700000000000004, 16.260000000000097]}