{"Pushpin 0": [0.3700000000000001, 2, 2, 2, 2, 2, 2.8600000000000074, 64], "Pushpin 1": [0.4199999999999995, 0.0, 0.0, 0.0, 0.0, 0.0, 2.8600000000000003, 4.480000000000114], "Pushpin 2": [0.99, 0.0, 0.0, 0.0, 0.0, 0.0, 1.31, 64], "Pushpin 3": [0.99, 0.0, 0.0, 0.0, 0.0, 0.0, 2.24, 64], "Pushpin 4": [0.99, 0.0, 0.0, 0.0, 0.0, 0.0, 2.8600000000000003, 64], "Pushpin 5": [0.99, 0.0, 0.0, 0.0, 0.0, 0.0, 2.5500000000000003, 64], "Pushpin 6": [0.99, 0.0, 0.0, 0.0, 0.0, 0.0, 9.370000000000001, 64], "Pushpin 7": [0.99, 0.0, 0.0, 0.0, 0.0, 0.0, 2.24, 64]}