{"Pushpin 0": [0.46000000000000024, 2, 2, 1.8599999999999999, 2.5500000000000003, 64, 4.41, 64], "Pushpin 1": [0.4199999999999995, 0.0, 0.0, 0.0, 2.550000000000002, 16.8800000000001, 4.41, 64], "Pushpin 2": [0.5499999999999996, 0.0, 0.0, 0.0, 4.720000000000044, 64, 4.41, 64], "Pushpin 3": [0.99, 0.0, 0.0, 0.0, 2.5500000000000003, 16.879999999999992, 4.41, 64], "Pushpin 4": [0.99, 0.0, 0.0, 0.0, 2.5500000000000003, 16.879999999999992, 4.41, 64], "Pushpin 5": [0.04, 0.0, 0.0, 0.0, 2.24, 16.25999999999999, 4.41, 64], "Pushpin 6": [0.99, 0.0, 0.0, 0.0, 4.72, 14.399999999999993, 4.41, 64], "Pushpin 7": [0.99, 0.0, 0.0, 0.0, 3.7900000000000005, 11.299999999999997, 4.41, 64]}