{"Pushpin 0": [0.99, 0.0, 0.0, 0.0, 0.0, 0.0, 4.410000000000002, 16.260000000000105], "Pushpin 1": [0.99, 0.0, 0.0, 0.0, 0.0, 0.0, 4.72, 63.38], "Pushpin 2": [0.99, 0.0, 0.0, 0.0, 0.0, 0.0, 1.31, 64], "Pushpin 3": [0.99, 0.0, 0.0, 0.0, 0.0, 0.0, 2.24, 64], "Pushpin 4": [0.99, 0.0, 0.0, 0.0, 0.0, 0.0, 2.8600000000000003, 64], "Pushpin 5": [0.99, 0.0, 0.0, 0.0, 0.0, 0.0, 2.5500000000000003, 64], "Pushpin 6": [0.99, 0.0, 0.0, 0.0, 0.0, 0.0, 9.370000000000001, 64], "Pushpin 7": [0.99, 0.0, 0.0, 0.0, 0.0, 0.0, 2.24, 64]}