{"Pushpin 0": [0.46000000000000024, 2, 2, 2, 2.5500000000000003, 64, 8.129999999999995, 16.879999999999992], "Pushpin 1": [1, 0.0, 0.0, 0.0, 2.550000000000002, 4.48, 8.129999999999995, 16.879999999999992], "Pushpin 2": [0.5499999999999996, 0.0, 0.0, 0.0, 2.8600000000000447, 8.200000000000001, 8.129999999999995, 16.879999999999992], "Pushpin 3": [0.99, 0.0, 0.0, 0.0, 2.5500000000000003, 16.879999999999992, 8.129999999999995, 16.879999999999992], "Pushpin 4": [0.99, 0.0, 0.0, 0.0, 4.41, 8.200000000000001, 8.129999999999995, 16.879999999999992], "Pushpin 5": [0.99, 0.0, 0.0, 0.0, 4.1000000000000005, 13.779999999999994, 8.129999999999995, 16.879999999999992], "Pushpin 6": [0.99, 0.0, 0.0, 0.0, 4.72, 14.399999999999993, 8.129999999999995, 16.879999999999992], "Pushpin 7": [0.99, 0.0, 0.0, 0.0, 3.7900000000000005, 11.299999999999997, 8.129999999999995, 16.879999999999992]}