{"Pushpin 0": [0.2099999999999993, 2, 2, 1.8599999999999999, 1.31, 62, 1.240000000000053, 62], "Pushpin 1": [0.4199999999999995, 0.0, 0.0, 0.0, 1.930000000000002, 14.364000000000098, 1.240000000000053, 62], "Pushpin 2": [0.5499999999999996, 0.0, 0.0, 0.0, 3.480000000000045, 62, 1.240000000000053, 62], "Pushpin 3": [0.99, 0.0, 0.0, 0.0, 1.9300000000000002, 14.399999999999993, 1.240000000000053, 62], "Pushpin 4": [0.99, 0.0, 0.0, 0.0, 1.9300000000000002, 14.399999999999993, 1.240000000000053, 62], "Pushpin 5": [0.04, 0.0, 0.0, 0.0, 1.62, 14.879999999999992, 1.240000000000053, 62], "Pushpin 6": [0.99, 0.0, 0.0, 0.0, 1.62, 14.399999999999993, 1.240000000000053, 62], "Pushpin 7": [0.99, 0.0, 0.0, 0.0, 1.9300000000000002, 14.879999999999985, 1.240000000000053, 62]}