{"Pushpin 0": [0.3700000000000001, 2, 2, 2, 2.24, 7.580000000000115, 32, 6.9600000000001145], "Pushpin 1": [0.99, 0.0, 0.0, 0.0, 8.439999999999998, 17.499999999999993, 32, 6.9600000000001145], "Pushpin 2": [0.99, 0.0, 0.0, 0.0, 32, 4.48, 32, 6.9600000000001145], "Pushpin 3": [0.99, 0.0, 0.0, 0.0, 5.649999999999999, 16.879999999999992, 32, 6.9600000000001145], "Pushpin 4": [0.99, 0.0, 0.0, 0.0, 5.029999999999999, 6.960000000000001, 32, 6.9600000000001145], "Pushpin 5": [0.99, 0.0, 0.0, 0.0, 5.339999999999999, 13.779999999999994, 32, 6.9600000000001145], "Pushpin 6": [0.99, 0.0, 0.0, 0.0, 5.029999999999999, 14.399999999999993, 32, 6.9600000000001145], "Pushpin 7": [0.99, 0.0, 0.0, 0.0, 5.339999999999999, 11.299999999999997, 32, 6.9600000000001145]}