{"Pushpin 0": {"gate_1": [0, 3.070000000000011, 127, 0.2199999999999993, 1, 1, 0.0, 8, 191], "pitch_1": [0, 0, 0.0, 0.0, 0.0, 0.0, 0.0, 8, 175], "trig_mute_1": [0, 0, 0.0, 0.0, 0.0, 0.0, 0.0, 8, 187], "accent_1": [0, 0, 0.0, 0.0, 0.0, 0.0, 0.0, 8, 255], "aux_1": [0, 0, 0.0, 0.0, 0.0, 0.0, 0.0, 8, 250], "aux_2": [0, 0, 0.0, 0.0, 0.0, 0.0, 0.0, 8, 255], "aux_3": [0, 0, 0.0, 0.0, 0.0, 0.0, 0.0, 8, 238], "aux_4": [0, 0, 0.0, 0.0, 0.0, 0.0, 0.0, 8, 255]}, "Pushpin 1": {"gate_1": [0, 0, 127, 1, 1, 0.0, 0.0, 2.159999999999995, 1], "pitch_1": [0, 0, 0.0, 0.0, 0.0, 0.0, 0.0, 8, 255], "trig_mute_1": [0, 0, 0.0, 0.0, 0.0, 0.0, 0.0, 8, 255], "accent_1": [0, 0, 0.0, 0.0, 0.0, 0.0, 0.0, 8, 255], "aux_1": [0, 0, 0.0, 0.0, 0.0, 0.0, 0.0, 8, 255], "aux_2": [0, 0, 0.0, 0.0, 0.0, 0.0, 0.0, 8, 255], "aux_3": [0, 0, 0.0, 0.0, 0.0, 0.0, 0.0, 8, 255], "aux_4": [0, 0, 0.0, 0.0, 0.0, 0.0, 0.0, 8, 255]}, "Pushpin 2": {"gate_1": [0, 0, 0.0, 0.0, 0.0, 0.0, 0.0, 8, 111], "pitch_1": [0, 0, 0.0, 0.0, 0.0, 0.0, 0.0, 8, 255], "trig_mute_1": [0, 0, 0.0, 0.0, 0.0, 0.0, 0.0, 8, 255], "accent_1": [0, 0, 0.0, 0.0, 0.0, 0.0, 0.0, 8, 255], "aux_1": [0, 0, 0.0, 0.0, 0.0, 0.0, 0.0, 8, 255], "aux_2": [0, 0, 0.0, 0.0, 0.0, 0.0, 0.0, 8, 255], "aux_3": [0, 0, 0.0, 0.0, 0.0, 0.0, 0.0, 8, 255], "aux_4": [0, 0, 0.0, 0.0, 0.0, 0.0, 0.0, 8, 255]}, "Pushpin 3": {"gate_1": [0, 0, 0.0, 0.0, 0.0, 0.0, 0.0, 8, 191], "pitch_1": [0, 0, 0.0, 0.0, 0.0, 0.0, 0.0, 8, 191], "trig_mute_1": [0, 0, 0.0, 0.0, 0.0, 0.0, 0.0, 8, 255], "accent_1": [0, 0, 0.0, 0.0, 0.0, 0.0, 0.0, 8, 255], "aux_1": [0, 0, 0.0, 0.0, 0.0, 0.0, 0.0, 8, 255], "aux_2": [0, 0, 0.0, 0.0, 0.0, 0.0, 0.0, 8, 255], "aux_3": [0, 0, 0.0, 0.0, 0.0, 0.0, 0.0, 8, 255], "aux_4": [0, 0, 0.0, 0.0, 0.0, 0.0, 0.0, 8, 255]}, "Pushpin 4": {"gate_1": [0, 0, 0.0, 0.0, 0.0, 0.0, 0.0, 8, 255], "pitch_1": [0, 0, 0.0, 0.0, 0.0, 0.0, 0.0, 8, 255], "trig_mute_1": [0, 0, 0.0, 0.0, 0.0, 0.0, 0.0, 8, 255], "accent_1": [0, 0, 0.0, 0.0, 0.0, 0.0, 0.0, 8, 255], "aux_1": [0, 0, 0.0, 0.0, 0.0, 0.0, 0.0, 8, 255], "aux_2": [0, 0, 0.0, 0.0, 0.0, 0.0, 0.0, 8, 255], "aux_3": [0, 0, 0.0, 0.0, 0.0, 0.0, 0.0, 8, 255], "aux_4": [0, 0, 0.0, 0.0, 0.0, 0.0, 0.0, 8, 255]}, "Pushpin 5": {"gate_1": [0, 0, 0.0, 0.0, 0.0, 0.0, 0.0, 8, 255], "pitch_1": [0, 0, 0.0, 0.0, 0.0, 0.0, 0.0, 8, 255], "trig_mute_1": [0, 0, 0.0, 0.0, 0.0, 0.0, 0.0, 8, 255], "accent_1": [0, 0, 0.0, 0.0, 0.0, 0.0, 0.0, 8, 255], "aux_1": [0, 0, 0.0, 0.0, 0.0, 0.0, 0.0, 8, 255], "aux_2": [0, 0, 0.0, 0.0, 0.0, 0.0, 0.0, 8, 255], "aux_3": [0, 0, 0.0, 0.0, 0.0, 0.0, 0.0, 8, 255], "aux_4": [0, 0, 0.0, 0.0, 0.0, 0.0, 0.0, 8, 255]}, "Pushpin 6": {"gate_1": [0, 0, 0.0, 0.0, 0.0, 0.0, 0.0, 8, 255], "pitch_1": [0, 0, 0.0, 0.0, 0.0, 0.0, 0.0, 8, 255], "trig_mute_1": [0, 0, 0.0, 0.0, 0.0, 0.0, 0.0, 8, 255], "accent_1": [0, 0, 0.0, 0.0, 0.0, 0.0, 0.0, 8, 255], "aux_1": [0, 0, 0.0, 0.0, 0.0, 0.0, 0.0, 8, 255], "aux_2": [0, 0, 0.0, 0.0, 0.0, 0.0, 0.0, 8, 255], "aux_3": [0, 0, 0.0, 0.0, 0.0, 0.0, 0.0, 8, 255], "aux_4": [0, 0, 0.0, 0.0, 0.0, 0.0, 0.0, 8, 255]}, "Pushpin 7": {"gate_1": [0, 0, 0.0, 0.0, 0.0, 0.0, 0.0, 8, 255], "pitch_1": [0, 0, 0.0, 0.0, 0.0, 0.0, 0.0, 8, 255], "trig_mute_1": [0, 0, 0.0, 0.0, 0.0, 0.0, 0.0, 8, 255], "accent_1": [0, 0, 0.0, 0.0, 0.0, 0.0, 0.0, 8, 255], "aux_1": [0, 0, 0.0, 0.0, 0.0, 0.0, 0.0, 8, 255], "aux_2": [0, 0, 0.0, 0.0, 0.0, 0.0, 0.0, 8, 255], "aux_3": [0, 0, 0.0, 0.0, 0.0, 0.0, 0.0, 8, 255], "aux_4": [0, 0, 0.0, 0.0, 0.0, 0.0, 0.0, 8, 255]}}